t0,exact_stratum,probability_scale_caliper,n_treated_in_stratum,n_controls_in_stratum,dense_assignment_entries,candidate_real_edges,candidate_edges_plus_dummies,dense_entry_cap,requires_sparse_solver,sparse_edge_cap,would_fail_current_matcher,treated_pscore_min,treated_pscore_max,control_pscore_min,control_pscore_max
2012,"{""lag1_age_band"": ""45-49"", ""lag1_ever_rehab_to_date"": ""0"", ""lag1_ge_cat"": ""1""}",0.01,2391,723703,1736090754,54715054,54717445,5000000,True,100000000,False,0.0006927659151193616,0.3070996972182131,1e-06,0.33678607422926565
2012,"{""lag1_age_band"": ""35-39"", ""lag1_ever_rehab_to_date"": ""0"", ""lag1_ge_cat"": ""2""}",0.01,1514,464186,705069800,17336261,17337775,5000000,True,100000000,False,0.0010529251056934274,0.363287033198051,1e-06,0.3620021392934399
2012,"{""lag1_age_band"": ""45-49"", ""lag1_ever_rehab_to_date"": ""0"", ""lag1_ge_cat"": ""2""}",0.01,2338,672189,1577044126,54334708,54337046,5000000,True,100000000,False,0.0005948826634411116,0.33049673188044154,1e-06,0.3357279494123356
2012,"{""lag1_age_band"": ""25-29"", ""lag1_ever_rehab_to_date"": ""0"", ""lag1_ge_cat"": ""2""}",0.01,594,464057,276002694,1407316,1407910,5000000,True,100000000,False,0.0021787980162215857,0.3697734882507134,1e-06,0.36066419483678713
2012,"{""lag1_age_band"": ""30-34"", ""lag1_ever_rehab_to_date"": ""0"", ""lag1_ge_cat"": ""2""}",0.01,1116,478861,535654332,9178536,9179652,5000000,True,100000000,False,0.0014898681706303173,0.3760472594211771,1e-06,0.3693216394893049
2012,"{""lag1_age_band"": ""40-44"", ""lag1_ever_rehab_to_date"": ""0"", ""lag1_ge_cat"": ""1""}",0.01,1994,647356,1294803900,35098014,35100008,5000000,True,100000000,False,0.0010636351416457085,0.3118846126121463,1e-06,0.3316354768682415
2012,"{""lag1_age_band"": ""60-64"", ""lag1_ever_rehab_to_date"": ""0"", ""lag1_ge_cat"": ""1""}",0.01,447,496583,222172410,73467645,73468092,5000000,True,100000000,False,0.0001672938601267186,0.26616398533282565,1e-06,0.2921881175512981
2012,"{""lag1_age_band"": ""55-59"", ""lag1_ever_rehab_to_date"": ""0"", ""lag1_ge_cat"": ""2""}",0.01,624,533089,333036912,32842867,32843491,5000000,True,100000000,False,0.00041043079437613506,0.26038958923837197,1e-06,0.4580003042511009
2012,"{""lag1_age_band"": ""35-39"", ""lag1_ever_rehab_to_date"": ""0"", ""lag1_ge_cat"": ""1""}",0.01,1171,494369,580277340,9230303,9231474,5000000,True,100000000,False,0.0006925446642657298,0.31391730802630174,1e-06,0.3582723711850694
2012,"{""lag1_age_band"": ""55-59"", ""lag1_ever_rehab_to_date"": ""0"", ""lag1_ge_cat"": ""1""}",0.01,926,551030,511111256,49798424,49799350,5000000,True,100000000,False,0.00035021720361102507,0.2790375965093771,1e-06,0.28205697860102885
2012,"{""lag1_age_band"": ""40-44"", ""lag1_ever_rehab_to_date"": ""0"", ""lag1_ge_cat"": ""2""}",0.01,2315,600226,1394882415,35472274,35474589,5000000,True,100000000,False,0.0009307870357992869,0.31729850418019273,1e-06,0.345173539503456
2012,"{""lag1_age_band"": ""50-54"", ""lag1_ever_rehab_to_date"": ""0"", ""lag1_ge_cat"": ""1""}",0.01,2027,652054,1325822187,84395815,84397842,5000000,True,100000000,False,0.00041435103989992416,0.303302481990612,1e-06,0.30476416141540114
2012,"{""lag1_age_band"": ""50-54"", ""lag1_ever_rehab_to_date"": ""0"", ""lag1_ge_cat"": ""2""}",0.01,1533,614000,943612089,47680761,47682294,5000000,True,100000000,False,0.0006391313761707316,0.3222441087832291,1e-06,0.3110611071316342
2012,"{""lag1_age_band"": ""65-69"", ""lag1_ever_rehab_to_date"": ""0"", ""lag1_ge_cat"": ""2""}",0.01,145,410265,59509450,57015275,57015420,5000000,True,100000000,False,0.00017619125279444824,0.10369358338866588,1e-06,0.1486543601194089
2012,"{""lag1_age_band"": ""30-34"", ""lag1_ever_rehab_to_date"": ""0"", ""lag1_ge_cat"": ""1""}",0.01,704,499128,351881728,6144127,6144831,5000000,True,100000000,False,0.0015275790815102994,0.3487117237780898,1e-06,0.3760128346217785
2012,"{""lag1_age_band"": ""65-69"", ""lag1_ever_rehab_to_date"": ""0"", ""lag1_ge_cat"": ""1""}",0.01,252,401030,101123064,98612694,98612946,5000000,True,100000000,False,7.154288018675538e-05,0.10580994653522131,1e-06,0.17625671033431414
2012,"{""lag1_age_band"": ""45-49"", ""lag1_ever_rehab_to_date"": ""1"", ""lag1_ge_cat"": ""2""}",0.01,108,8047,880740,28254,28362,5000000,False,100000000,False,0.0069367506676549,0.49414474600621444,1e-06,0.48405491023995073
2012,"{""lag1_age_band"": ""60-64"", ""lag1_ever_rehab_to_date"": ""0"", ""lag1_ge_cat"": ""2""}",0.01,293,492960,144523129,65989446,65989739,5000000,True,100000000,False,0.0002822233243355082,0.23977593733852523,1e-06,0.2632798242522993
2012,"{""lag1_age_band"": ""45-49"", ""lag1_ever_rehab_to_date"": ""1"", ""lag1_ge_cat"": ""1""}",0.01,108,7778,851688,5434,5542,5000000,False,100000000,False,0.01166681173915543,0.4798255014449731,1e-06,0.5082895476292197
2012,"{""lag1_age_band"": ""50-54"", ""lag1_ever_rehab_to_date"": ""1"", ""lag1_ge_cat"": ""2""}",0.01,58,9403,548738,29116,29174,5000000,False,100000000,False,0.004899258560215585,0.4267553981729079,1e-06,0.4851265406937038
2012,"{""lag1_age_band"": ""20-24"", ""lag1_ever_rehab_to_date"": ""0"", ""lag1_ge_cat"": ""2""}",0.01,106,422915,44840226,41901,42007,5000000,True,100000000,False,0.05487704482638672,0.31238709187974595,1e-06,0.39552578809162287
2012,"{""lag1_age_band"": ""70-74"", ""lag1_ever_rehab_to_date"": ""0"", ""lag1_ge_cat"": ""1""}",0.01,114,449031,51202530,51174856,51174970,5000000,True,100000000,False,0.00013201188412272915,0.002046195279740338,1e-06,0.11210467968915701
2012,"{""lag1_age_band"": ""40-44"", ""lag1_ever_rehab_to_date"": ""1"", ""lag1_ge_cat"": ""2""}",0.01,65,4967,327080,6790,6855,5000000,False,100000000,False,0.008988073603054477,0.5189471499779944,1e-06,0.5316790570992967
2012,"{""lag1_age_band"": ""30-34"", ""lag1_ever_rehab_to_date"": ""1"", ""lag1_ge_cat"": ""1""}",0.01,26,2387,62738,287,313,5000000,False,100000000,False,0.11296268741695857,0.5202790375660764,1e-06,0.5241373438448508
2012,"{""lag1_age_band"": ""25-29"", ""lag1_ever_rehab_to_date"": ""0"", ""lag1_ge_cat"": ""1""}",0.01,252,484002,122032008,1670592,1670844,5000000,True,100000000,False,0.0026300754841114206,0.30405084662755016,1e-06,0.3874828259431418
2012,"{""lag1_age_band"": ""35-39"", ""lag1_ever_rehab_to_date"": ""1"", ""lag1_ge_cat"": ""1""}",0.01,52,2785,147524,3816,3868,5000000,False,100000000,False,0.003979354482349139,0.5520638542314974,1e-06,0.5091771011923999
2012,"{""lag1_age_band"": ""30-34"", ""lag1_ever_rehab_to_date"": ""1"", ""lag1_ge_cat"": ""2""}",0.01,28,2111,59892,2208,2236,5000000,False,100000000,False,0.002111179044726084,0.5122310824055378,1e-06,0.5265477950094014
2012,"{""lag1_age_band"": ""55-59"", ""lag1_ever_rehab_to_date"": ""1"", ""lag1_ge_cat"": ""1""}",0.01,45,9983,451260,30903,30948,5000000,False,100000000,False,0.0029628481428751554,0.3976412170981114,1e-06,0.4182508388967347
2012,"{""lag1_age_band"": ""35-39"", ""lag1_ever_rehab_to_date"": ""1"", ""lag1_ge_cat"": ""2""}",0.01,36,2641,96372,648,684,5000000,False,100000000,False,0.04480406342310588,0.5388084712875547,1e-06,0.5387722320340924
2012,"{""lag1_age_band"": ""50-54"", ""lag1_ever_rehab_to_date"": ""1"", ""lag1_ge_cat"": ""1""}",0.01,89,9503,853688,30286,30375,5000000,False,100000000,False,0.0063120601258348915,0.465490529527815,1e-06,0.4926985783765652
2012,"{""lag1_age_band"": ""40-44"", ""lag1_ever_rehab_to_date"": ""1"", ""lag1_ge_cat"": ""1""}",0.01,78,4910,389064,7602,7680,5000000,False,100000000,False,0.007834110045605275,0.49504989762890983,1e-06,0.5240090915763371
2012,"{""lag1_age_band"": ""75-79"", ""lag1_ever_rehab_to_date"": ""0"", ""lag1_ge_cat"": ""1""}",0.01,31,289233,8967184,8964338,8964369,5000000,True,100000000,False,0.00014993780391475773,0.0008667653171493889,1e-06,0.13508090526673913
2012,"{""lag1_age_band"": ""70-74"", ""lag1_ever_rehab_to_date"": ""0"", ""lag1_ge_cat"": ""2""}",0.01,57,495182,28228623,28223198,28223255,5000000,True,100000000,False,0.0001779786671708031,0.0012401551795579709,1e-06,0.11496326632814494
2012,"{""lag1_age_band"": ""60-64"", ""lag1_ever_rehab_to_date"": ""1"", ""lag1_ge_cat"": ""1""}",0.01,18,6736,121572,6735,6753,5000000,False,100000000,False,0.004677844504477511,0.43218084478839275,1e-06,0.4263503719350941
2012,"{""lag1_age_band"": ""55-59"", ""lag1_ever_rehab_to_date"": ""1"", ""lag1_ge_cat"": ""2""}",0.01,25,8983,225200,17916,17941,5000000,False,100000000,False,0.0031066170115824836,0.450522071200003,1e-06,0.468722064911511
2012,"{""lag1_age_band"": ""80-84"", ""lag1_ever_rehab_to_date"": ""0"", ""lag1_ge_cat"": ""2""}",0.01,3,260400,781209,781191,781194,5000000,False,100000000,False,0.00015697978238479144,0.00043729851878849006,1e-06,0.06516590597720463
2012,"{""lag1_age_band"": ""75-79"", ""lag1_ever_rehab_to_date"": ""0"", ""lag1_ge_cat"": ""2""}",0.01,15,356227,5343630,5343195,5343210,5000000,True,100000000,False,0.00023460512152477235,0.0009345125311696337,1e-06,0.06628531731645466
2012,"{""lag1_age_band"": ""25-29"", ""lag1_ever_rehab_to_date"": ""1"", ""lag1_ge_cat"": ""2""}",0.01,7,1465,10304,41,48,5000000,False,100000000,False,0.21443094967779697,0.30947610321801466,1e-06,0.5301918269271463
2012,"{""lag1_age_band"": ""65-69"", ""lag1_ever_rehab_to_date"": ""1"", ""lag1_ge_cat"": ""1""}",0.01,1,2206,2207,2187,2188,5000000,False,100000000,False,0.0009139602560525793,0.0009139602560525793,1e-06,0.18896918593720166
2012,"{""lag1_age_band"": ""60-64"", ""lag1_ever_rehab_to_date"": ""1"", ""lag1_ge_cat"": ""2""}",0.01,8,5154,41296,20401,20409,5000000,False,100000000,False,0.0011091590838433227,0.4275741085060956,1e-06,0.41276303008581866
2012,"{""lag1_age_band"": ""25-29"", ""lag1_ever_rehab_to_date"": ""1"", ""lag1_ge_cat"": ""1""}",0.01,4,1817,7284,10,14,5000000,False,100000000,False,0.12207103791315696,0.24681247760659256,1e-06,0.5267309627923655
2012,"{""lag1_age_band"": ""80-84"", ""lag1_ever_rehab_to_date"": ""0"", ""lag1_ge_cat"": ""1""}",0.01,5,168252,841285,841148,841153,5000000,False,100000000,False,0.0002569497037787294,0.000904267852093076,1e-06,0.08055075806704713
2012,"{""lag1_age_band"": ""20-24"", ""lag1_ever_rehab_to_date"": ""0"", ""lag1_ge_cat"": ""1""}",0.01,24,452029,10849272,3296,3320,5000000,True,100000000,False,0.10802077247285033,0.1818225453392569,1e-06,0.3228213746638349
2012,"{""lag1_age_band"": ""70-74"", ""lag1_ever_rehab_to_date"": ""1"", ""lag1_ge_cat"": ""1""}",0.01,3,2593,7788,7769,7772,5000000,False,100000000,False,0.00046005644922365846,0.0010397488400723824,1e-06,0.05981547465392478
2012,"{""lag1_age_band"": ""20-24"", ""lag1_ever_rehab_to_date"": ""1"", ""lag1_ge_cat"": ""2""}",0.01,2,773,1550,1,3,5000000,False,100000000,False,0.2297041055830553,0.5462004399482874,1e-06,0.39292858111175394
2012,"{""lag1_age_band"": ""85-89"", ""lag1_ever_rehab_to_date"": ""1"", ""lag1_ge_cat"": ""1""}",0.01,1,66,67,66,67,5000000,False,100000000,False,0.0012838491836719632,0.0012838491836719632,1e-06,0.002059562523150234
2012,"{""lag1_age_band"": ""85-89"", ""lag1_ever_rehab_to_date"": ""0"", ""lag1_ge_cat"": ""1""}",0.01,1,68069,68070,68069,68070,5000000,False,100000000,False,0.000748815119287128,0.000748815119287128,1e-06,0.003362058310770952
2013,"{""lag1_age_band"": ""45-49"", ""lag1_ever_rehab_to_date"": ""0"", ""lag1_ge_cat"": ""2""}",0.01,2207,652081,1444013616,50709753,50711960,5000000,True,100000000,False,0.0005695903441186045,0.23086033700279118,1e-06,0.2740843192607653
2013,"{""lag1_age_band"": ""35-39"", ""lag1_ever_rehab_to_date"": ""0"", ""lag1_ge_cat"": ""2""}",0.01,1410,452394,639863640,14951250,14952660,5000000,True,100000000,False,0.0013949131023387783,0.2528737899955319,1e-06,0.25718893413035343
2013,"{""lag1_age_band"": ""40-44"", ""lag1_ever_rehab_to_date"": ""0"", ""lag1_ge_cat"": ""2""}",0.01,2026,558231,1135080682,31440076,31442102,5000000,True,100000000,False,0.0007178019552179976,0.23499135254819517,1e-06,0.2432484527411608
2013,"{""lag1_age_band"": ""30-34"", ""lag1_ever_rehab_to_date"": ""0"", ""lag1_ge_cat"": ""2""}",0.01,1106,480273,532405174,8080268,8081374,5000000,True,100000000,False,0.0011756332194621576,0.2706688689064616,1e-06,0.2702175260021596
2013,"{""lag1_age_band"": ""45-49"", ""lag1_ever_rehab_to_date"": ""0"", ""lag1_ge_cat"": ""1""}",0.01,2209,706027,1564493324,56954927,56957136,5000000,True,100000000,False,0.0005272989435672671,0.23209658927034357,1e-06,0.22517562268846852
2013,"{""lag1_age_band"": ""55-59"", ""lag1_ever_rehab_to_date"": ""0"", ""lag1_ge_cat"": ""2""}",0.01,566,522768,296207044,32539806,32540372,5000000,True,100000000,False,0.0005892449631509451,0.20760403492218493,1e-06,0.3148002089161847
2013,"{""lag1_age_band"": ""50-54"", ""lag1_ever_rehab_to_date"": ""0"", ""lag1_ge_cat"": ""2""}",0.01,1468,611587,899964740,50611461,50612929,5000000,True,100000000,False,0.0004586866000928051,0.21925896918133028,1e-06,0.2191143259678409
2013,"{""lag1_age_band"": ""50-54"", ""lag1_ever_rehab_to_date"": ""0"", ""lag1_ge_cat"": ""1""}",0.01,1876,652427,1227472428,59563588,59565464,5000000,True,100000000,False,0.0002701518961608969,0.21770060857339052,1e-06,0.2175437097955679
2013,"{""lag1_age_band"": ""40-44"", ""lag1_ever_rehab_to_date"": ""0"", ""lag1_ge_cat"": ""1""}",0.01,1643,605069,996827816,25751713,25753356,5000000,True,100000000,False,0.0010635327396500737,0.22283432541817602,1e-06,0.2636982944723192
2013,"{""lag1_age_band"": ""35-39"", ""lag1_ever_rehab_to_date"": ""0"", ""lag1_ge_cat"": ""1""}",0.01,1088,482439,526077376,6108200,6109288,5000000,True,100000000,False,0.0012382517683210276,0.23916738032799012,1e-06,0.2633949110525066
2013,"{""lag1_age_band"": ""25-29"", ""lag1_ever_rehab_to_date"": ""0"", ""lag1_ge_cat"": ""1""}",0.01,256,487025,124743936,642536,642792,5000000,True,100000000,False,0.0012331773844726122,0.21592399664577133,1e-06,0.2756588154882826
2013,"{""lag1_age_band"": ""60-64"", ""lag1_ever_rehab_to_date"": ""0"", ""lag1_ge_cat"": ""1""}",0.01,427,493006,210695891,77296077,77296504,5000000,True,100000000,False,0.0002800170545807814,0.17203577409533344,1e-06,0.2790909412875043
2013,"{""lag1_age_band"": ""30-34"", ""lag1_ever_rehab_to_date"": ""0"", ""lag1_ge_cat"": ""1""}",0.01,656,503209,330535440,2974543,2975199,5000000,True,100000000,False,0.002075744587344443,0.24552546563558603,1e-06,0.25932309763172623
2013,"{""lag1_age_band"": ""55-59"", ""lag1_ever_rehab_to_date"": ""0"", ""lag1_ge_cat"": ""1""}",0.01,924,542611,502226340,44996942,44997866,5000000,True,100000000,False,0.0003494526792942632,0.19055111779566816,1e-06,0.20566601934232037
2013,"{""lag1_age_band"": ""65-69"", ""lag1_ever_rehab_to_date"": ""0"", ""lag1_ge_cat"": ""2""}",0.01,133,405722,53978715,51924521,51924654,5000000,True,100000000,False,0.00021265539472862957,0.09857001808882264,1e-06,0.1286515643259307
2013,"{""lag1_age_band"": ""50-54"", ""lag1_ever_rehab_to_date"": ""1"", ""lag1_ge_cat"": ""1""}",0.01,145,17427,2547940,127695,127840,5000000,False,100000000,False,0.0010062016040347124,0.3411697198670629,1e-06,0.46380607547616387
2013,"{""lag1_age_band"": ""45-49"", ""lag1_ever_rehab_to_date"": ""1"", ""lag1_ge_cat"": ""1""}",0.01,168,13482,2293200,64493,64661,5000000,False,100000000,False,0.002878011083829344,0.4036205726986374,1e-06,0.5135704467542858
2013,"{""lag1_age_band"": ""35-39"", ""lag1_ever_rehab_to_date"": ""1"", ""lag1_ge_cat"": ""1""}",0.01,63,4926,314307,11010,11073,5000000,False,100000000,False,0.006118393955960852,0.40361785377548987,1e-06,0.5244019312689
2013,"{""lag1_age_band"": ""25-29"", ""lag1_ever_rehab_to_date"": ""0"", ""lag1_ge_cat"": ""2""}",0.01,470,461688,217214260,408045,408515,5000000,True,100000000,False,0.04813600768838206,0.24094929621385797,1e-06,0.2814672146987172
2013,"{""lag1_age_band"": ""65-69"", ""lag1_ever_rehab_to_date"": ""0"", ""lag1_ge_cat"": ""1""}",0.01,241,393922,94993283,91756945,91757186,5000000,True,100000000,False,0.0001564014200162478,0.12271369417103244,1e-06,0.16570684217280812
2013,"{""lag1_age_band"": ""60-64"", ""lag1_ever_rehab_to_date"": ""1"", ""lag1_ge_cat"": ""1""}",0.01,38,14212,541500,113526,113564,5000000,False,100000000,False,0.0007701973143542765,0.32148100611263475,1e-06,0.3422218721969765
2013,"{""lag1_age_band"": ""40-44"", ""lag1_ever_rehab_to_date"": ""1"", ""lag1_ge_cat"": ""2""}",0.01,106,8582,920928,61449,61555,5000000,False,100000000,False,0.002715265842838009,0.5014732881501229,1e-06,0.6933204483267564
2013,"{""lag1_age_band"": ""20-24"", ""lag1_ever_rehab_to_date"": ""0"", ""lag1_ge_cat"": ""2""}",0.01,78,415168,32389188,16341,16419,5000000,True,100000000,False,0.08707416468326402,0.2884492970428208,1e-06,0.26331139659018155
2013,"{""lag1_age_band"": ""40-44"", ""lag1_ever_rehab_to_date"": ""1"", ""lag1_ge_cat"": ""1""}",0.01,105,8359,888720,14088,14193,5000000,False,100000000,False,0.0054916621588413286,0.42927644732100034,1e-06,0.5205867721296304
2013,"{""lag1_age_band"": ""50-54"", ""lag1_ever_rehab_to_date"": ""1"", ""lag1_ge_cat"": ""2""}",0.01,113,17499,1990156,56144,56257,5000000,False,100000000,False,0.0014307158279337501,0.3957623349163363,1e-06,0.507726443918531
2013,"{""lag1_age_band"": ""70-74"", ""lag1_ever_rehab_to_date"": ""0"", ""lag1_ge_cat"": ""1""}",0.01,115,435446,50089515,50064511,50064626,5000000,True,100000000,False,0.00011699303463555348,0.001283476918270094,1e-06,0.08744890231600862
2013,"{""lag1_age_band"": ""45-49"", ""lag1_ever_rehab_to_date"": ""1"", ""lag1_ge_cat"": ""2""}",0.01,168,14480,2460864,65094,65262,5000000,False,100000000,False,0.0036707718450267705,0.4172523866069645,1e-06,0.5705917728079236
2013,"{""lag1_age_band"": ""60-64"", ""lag1_ever_rehab_to_date"": ""0"", ""lag1_ge_cat"": ""2""}",0.01,268,494962,132721640,47502401,47502669,5000000,True,100000000,False,0.0002772210957815662,0.18443158954057856,1e-06,0.19328906830158835
2013,"{""lag1_age_band"": ""55-59"", ""lag1_ever_rehab_to_date"": ""1"", ""lag1_ge_cat"": ""2""}",0.01,52,16988,886080,135201,135253,5000000,False,100000000,False,0.0005960815637420185,0.3704622230091871,1e-06,0.3917590969954228
2013,"{""lag1_age_band"": ""20-24"", ""lag1_ever_rehab_to_date"": ""0"", ""lag1_ge_cat"": ""1""}",0.01,29,441509,12804602,2525,2554,5000000,True,100000000,False,0.09576422216701341,0.23820587410851482,1e-06,0.271096151074505
2013,"{""lag1_age_band"": ""30-34"", ""lag1_ever_rehab_to_date"": ""1"", ""lag1_ge_cat"": ""1""}",0.01,28,4244,119616,8683,8711,5000000,False,100000000,False,0.005497955406724972,0.7599431187204285,1e-06,0.44341914204579913
2013,"{""lag1_age_band"": ""80-84"", ""lag1_ever_rehab_to_date"": ""0"", ""lag1_ge_cat"": ""1""}",0.01,8,170315,1362584,1362410,1362418,5000000,False,100000000,False,7.356717452881745e-05,0.0006630927921495588,1e-06,0.059719050449720694
2013,"{""lag1_age_band"": ""70-74"", ""lag1_ever_rehab_to_date"": ""0"", ""lag1_ge_cat"": ""2""}",0.01,49,480923,23567628,23563852,23563901,5000000,True,100000000,False,0.00022435870808901363,0.0016943641173107924,1e-06,0.11201071504912483
2013,"{""lag1_age_band"": ""60-64"", ""lag1_ever_rehab_to_date"": ""1"", ""lag1_ge_cat"": ""2""}",0.01,25,10891,272900,55541,55566,5000000,False,100000000,False,0.0010907719470505007,0.501834752329543,1e-06,0.36521167452296277
2013,"{""lag1_age_band"": ""30-34"", ""lag1_ever_rehab_to_date"": ""1"", ""lag1_ge_cat"": ""2""}",0.01,38,3929,150746,617,655,5000000,False,100000000,False,0.12407058024925911,0.44042873843883434,1e-06,0.45106172019292834
2013,"{""lag1_age_band"": ""35-39"", ""lag1_ever_rehab_to_date"": ""1"", ""lag1_ge_cat"": ""2""}",0.01,77,4692,367213,6620,6697,5000000,False,100000000,False,0.008205673345471162,0.49719369251549045,1e-06,0.5601738201985779
2013,"{""lag1_age_band"": ""25-29"", ""lag1_ever_rehab_to_date"": ""1"", ""lag1_ge_cat"": ""2""}",0.01,14,2691,37870,83,97,5000000,False,100000000,False,0.15161191177194488,0.5187511532359741,1e-06,0.48066417705433745
2013,"{""lag1_age_band"": ""55-59"", ""lag1_ever_rehab_to_date"": ""1"", ""lag1_ge_cat"": ""1""}",0.01,75,18680,1406625,131614,131689,5000000,False,100000000,False,0.003460397962599514,0.35909789406310527,1e-06,0.35107930048094776
2013,"{""lag1_age_band"": ""65-69"", ""lag1_ever_rehab_to_date"": ""1"", ""lag1_ge_cat"": ""2""}",0.01,3,3654,10971,10955,10958,5000000,False,100000000,False,0.0008868010037395141,0.0026218718166847238,1e-06,0.019248394215274394
2013,"{""lag1_age_band"": ""85-89"", ""lag1_ever_rehab_to_date"": ""0"", ""lag1_ge_cat"": ""2""}",0.01,1,164866,164867,164866,164867,5000000,False,100000000,False,0.0005366572871482494,0.0005366572871482494,1e-06,0.0016723964431720757
2013,"{""lag1_age_band"": ""75-79"", ""lag1_ever_rehab_to_date"": ""0"", ""lag1_ge_cat"": ""1""}",0.01,30,307747,9233310,9230307,9230337,5000000,True,100000000,False,0.00018852584516659758,0.0008684094498303791,1e-06,0.14772826447920998
2013,"{""lag1_age_band"": ""65-69"", ""lag1_ever_rehab_to_date"": ""1"", ""lag1_ge_cat"": ""1""}",0.01,4,4242,16984,16932,16936,5000000,False,100000000,False,0.0005130057623989999,0.0031081072486200114,1e-06,0.01966828585371404
2013,"{""lag1_age_band"": ""25-29"", ""lag1_ever_rehab_to_date"": ""1"", ""lag1_ge_cat"": ""1""}",0.01,6,3123,18774,22,28,5000000,False,100000000,False,0.24055329454338376,0.4304351044031731,1e-06,0.45210457580151503
2013,"{""lag1_age_band"": ""20-24"", ""lag1_ever_rehab_to_date"": ""1"", ""lag1_ge_cat"": ""2""}",0.01,4,1297,5204,4,8,5000000,False,100000000,False,0.1798544680025021,0.4164095523997784,1e-06,0.4434157950202482
2013,"{""lag1_age_band"": ""75-79"", ""lag1_ever_rehab_to_date"": ""0"", ""lag1_ge_cat"": ""2""}",0.01,15,375716,5635965,5635467,5635482,5000000,True,100000000,False,0.00018255558305556362,0.0008385336191502345,1e-06,0.05738032650180283
2013,"{""lag1_age_band"": ""75-79"", ""lag1_ever_rehab_to_date"": ""1"", ""lag1_ge_cat"": ""1""}",0.01,1,2373,2374,2370,2371,5000000,False,100000000,False,0.0007483425120956767,0.0007483425120956767,1e-06,0.020682794924386676
2013,"{""lag1_age_band"": ""70-74"", ""lag1_ever_rehab_to_date"": ""1"", ""lag1_ge_cat"": ""1""}",0.01,2,4570,9144,9130,9132,5000000,False,100000000,False,0.000863313436043617,0.001297784569856606,1e-06,0.04871726955095002
2013,"{""lag1_age_band"": ""80-84"", ""lag1_ever_rehab_to_date"": ""0"", ""lag1_ge_cat"": ""2""}",0.01,1,257157,257158,257156,257157,5000000,False,100000000,False,0.0005387175969727031,0.0005387175969727031,1e-06,0.04693543432334585
2014,"{""lag1_age_band"": ""30-34"", ""lag1_ever_rehab_to_date"": ""0"", ""lag1_ge_cat"": ""1""}",0.01,619,504931,312935450,1757424,1758043,5000000,True,100000000,False,0.0029029190347136286,0.3591733270893959,1e-06,0.3557884304643824
2014,"{""lag1_age_band"": ""45-49"", ""lag1_ever_rehab_to_date"": ""0"", ""lag1_ge_cat"": ""1""}",0.01,1928,683661,1321815592,45001867,45003795,5000000,True,100000000,False,0.0006799058417466699,0.32464959084502737,1e-06,0.3231715132392015
2014,"{""lag1_age_band"": ""35-39"", ""lag1_ever_rehab_to_date"": ""0"", ""lag1_ge_cat"": ""1""}",0.01,1024,481847,494459904,10726898,10727922,5000000,True,100000000,False,0.0023949156569123553,0.3661886823915519,1e-06,0.3851617959487109
2014,"{""lag1_age_band"": ""30-34"", ""lag1_ever_rehab_to_date"": ""0"", ""lag1_ge_cat"": ""2""}",0.01,1100,479672,528849200,6650466,6651566,5000000,True,100000000,False,0.002750075444019061,0.359880783271117,1e-06,0.4036038346721231
2014,"{""lag1_age_band"": ""50-54"", ""lag1_ever_rehab_to_date"": ""0"", ""lag1_ge_cat"": ""1""}",0.01,1770,654211,1161086370,54191456,54193226,5000000,True,100000000,False,0.000272399750409614,0.2816744069120938,1e-06,0.29083678625638254
2014,"{""lag1_age_band"": ""45-49"", ""lag1_ever_rehab_to_date"": ""0"", ""lag1_ge_cat"": ""2""}",0.01,1944,627594,1223821872,45829516,45831460,5000000,True,100000000,False,0.0007108824434668848,0.3161336842850046,1e-06,0.33010941556817125
2014,"{""lag1_age_band"": ""50-54"", ""lag1_ever_rehab_to_date"": ""0"", ""lag1_ge_cat"": ""2""}",0.01,1414,611205,866243266,48295550,48296964,5000000,True,100000000,False,0.000469368914573858,0.3006153327674864,1e-06,0.2881568542679588
2014,"{""lag1_age_band"": ""35-39"", ""lag1_ever_rehab_to_date"": ""0"", ""lag1_ge_cat"": ""2""}",0.01,1325,450991,599318700,10610061,10611386,5000000,True,100000000,False,0.0010341532152807259,0.35197539831706065,1e-06,0.3805375464376374
2014,"{""lag1_age_band"": ""55-59"", ""lag1_ever_rehab_to_date"": ""0"", ""lag1_ge_cat"": ""2""}",0.01,596,516028,307907904,38279724,38280320,5000000,True,100000000,False,0.00047806106799219104,0.2569459354579284,1e-06,0.28499890049540505
2014,"{""lag1_age_band"": ""65-69"", ""lag1_ever_rehab_to_date"": ""0"", ""lag1_ge_cat"": ""1""}",0.01,239,390248,93326393,87781196,87781435,5000000,True,100000000,False,8.760656271724055e-05,0.11461196367164428,1e-06,0.15576934397592473
2014,"{""lag1_age_band"": ""80-84"", ""lag1_ever_rehab_to_date"": ""0"", ""lag1_ge_cat"": ""1""}",0.01,6,171035,1026246,1026135,1026141,5000000,False,100000000,False,0.00012629781529706276,0.0006427452284550085,1e-06,0.0447059476518642
2014,"{""lag1_age_band"": ""25-29"", ""lag1_ever_rehab_to_date"": ""0"", ""lag1_ge_cat"": ""2""}",0.01,471,466890,220127031,775505,775976,5000000,True,100000000,False,0.0015084097965586683,0.3872958092121067,1e-06,0.395477827640795
2014,"{""lag1_age_band"": ""40-44"", ""lag1_ever_rehab_to_date"": ""0"", ""lag1_ge_cat"": ""1""}",0.01,1485,561784,836454465,16984822,16986307,5000000,True,100000000,False,0.0006473561159114226,0.31148254165785977,1e-06,0.32959680694098376
2014,"{""lag1_age_band"": ""40-44"", ""lag1_ever_rehab_to_date"": ""0"", ""lag1_ge_cat"": ""2""}",0.01,1768,516929,917056296,26875248,26877016,5000000,True,100000000,False,0.0011476557177827586,0.35201616936132896,1e-06,0.35222830205930405
2014,"{""lag1_age_band"": ""20-24"", ""lag1_ever_rehab_to_date"": ""0"", ""lag1_ge_cat"": ""2""}",0.01,83,402993,33455308,13262,13345,5000000,True,100000000,False,0.11553077432655719,0.3375742138032535,1e-06,0.3871835023911932
2014,"{""lag1_age_band"": ""50-54"", ""lag1_ever_rehab_to_date"": ""1"", ""lag1_ge_cat"": ""1""}",0.01,225,24133,5480550,279107,279332,5000000,True,100000000,False,0.0020856886453170997,0.5457913214139809,1e-06,0.5059899335385618
2014,"{""lag1_age_band"": ""25-29"", ""lag1_ever_rehab_to_date"": ""1"", ""lag1_ge_cat"": ""2""}",0.01,16,3714,59680,98,114,5000000,False,100000000,False,0.02085574243405941,0.5401106638643803,1e-06,0.5069013034199299
2014,"{""lag1_age_band"": ""55-59"", ""lag1_ever_rehab_to_date"": ""1"", ""lag1_ge_cat"": ""1""}",0.01,118,26204,3105996,241359,241477,5000000,False,100000000,False,0.0010375256008625536,0.3623787564774558,1e-06,0.39659165945666724
2014,"{""lag1_age_band"": ""45-49"", ""lag1_ever_rehab_to_date"": ""1"", ""lag1_ge_cat"": ""1""}",0.01,216,18082,3952368,208860,209076,5000000,False,100000000,False,0.005055784754299623,0.5702216394796447,1e-06,0.5786753976496053
2014,"{""lag1_age_band"": ""55-59"", ""lag1_ever_rehab_to_date"": ""0"", ""lag1_ge_cat"": ""1""}",0.01,860,540083,465210980,48438431,48439291,5000000,True,100000000,False,0.0003586871482791241,0.2783312431236923,1e-06,0.2529470315038574
2014,"{""lag1_age_band"": ""35-39"", ""lag1_ever_rehab_to_date"": ""1"", ""lag1_ge_cat"": ""1""}",0.01,83,6890,578759,9310,9393,5000000,False,100000000,False,0.004505286140411077,0.4681229441752936,1e-06,0.6181070859608889
2014,"{""lag1_age_band"": ""25-29"", ""lag1_ever_rehab_to_date"": ""0"", ""lag1_ge_cat"": ""1""}",0.01,229,496655,113786436,602118,602347,5000000,True,100000000,False,0.0031945338264409173,0.41254476047137545,1e-06,0.44053123731702065
2014,"{""lag1_age_band"": ""70-74"", ""lag1_ever_rehab_to_date"": ""0"", ""lag1_ge_cat"": ""1""}",0.01,134,420115,56313366,55863847,55863981,5000000,True,100000000,False,0.0001690303848213969,0.0626338232736473,1e-06,0.11965991777438059
2014,"{""lag1_age_band"": ""35-39"", ""lag1_ever_rehab_to_date"": ""1"", ""lag1_ge_cat"": ""2""}",0.01,80,6385,517200,14152,14232,5000000,False,100000000,False,0.0015609051220022156,0.6231260993080141,1e-06,0.5193665760663857
2014,"{""lag1_age_band"": ""40-44"", ""lag1_ever_rehab_to_date"": ""1"", ""lag1_ge_cat"": ""2""}",0.01,140,10692,1516480,29253,29393,5000000,False,100000000,False,0.0014212910455780048,0.6178854643056536,1e-06,0.5519640260896717
2014,"{""lag1_age_band"": ""50-54"", ""lag1_ever_rehab_to_date"": ""1"", ""lag1_ge_cat"": ""2""}",0.01,171,24713,4255164,326869,327040,5000000,False,100000000,False,0.0017081372918384078,0.538715531736758,1e-06,0.5478346665557897
2014,"{""lag1_age_band"": ""60-64"", ""lag1_ever_rehab_to_date"": ""0"", ""lag1_ge_cat"": ""1""}",0.01,426,482982,205931808,65662913,65663339,5000000,True,100000000,False,0.000198498710185585,0.22106673022175014,1e-06,0.25116570265394617
2014,"{""lag1_age_band"": ""30-34"", ""lag1_ever_rehab_to_date"": ""1"", ""lag1_ge_cat"": ""1""}",0.01,55,5752,319385,821,876,5000000,False,100000000,False,0.015668883769293318,0.47684592504759116,1e-06,0.4989650901835071
2014,"{""lag1_age_band"": ""75-79"", ""lag1_ever_rehab_to_date"": ""0"", ""lag1_ge_cat"": ""1""}",0.01,42,329426,13837656,13833131,13833173,5000000,True,100000000,False,0.0001534814435909271,0.0007865204968260736,1e-06,0.1109433567012508
2014,"{""lag1_age_band"": ""30-34"", ""lag1_ever_rehab_to_date"": ""1"", ""lag1_ge_cat"": ""2""}",0.01,48,5378,260448,873,921,5000000,False,100000000,False,0.020574188197982863,0.5618674604496487,1e-06,0.5004181842308787
2014,"{""lag1_age_band"": ""60-64"", ""lag1_ever_rehab_to_date"": ""0"", ""lag1_ge_cat"": ""2""}",0.01,222,489579,108735822,34250634,34250856,5000000,True,100000000,False,0.0002463308775037771,0.23834966880258082,1e-06,0.27340109482333147
2014,"{""lag1_age_band"": ""45-49"", ""lag1_ever_rehab_to_date"": ""1"", ""lag1_ge_cat"": ""2""}",0.01,219,19258,4265463,200306,200525,5000000,False,100000000,False,0.001937985328986628,0.4433976846594287,1e-06,0.5428849138869132
2014,"{""lag1_age_band"": ""40-44"", ""lag1_ever_rehab_to_date"": ""1"", ""lag1_ge_cat"": ""1""}",0.01,139,10525,1482296,17843,17982,5000000,False,100000000,False,0.0017442294336188781,0.4805778717937596,1e-06,0.4958750858143187
2014,"{""lag1_age_band"": ""65-69"", ""lag1_ever_rehab_to_date"": ""0"", ""lag1_ge_cat"": ""2""}",0.01,141,404748,57089349,53419933,53420074,5000000,True,100000000,False,0.0002289489065957123,0.11164549652394141,1e-06,0.13430578383069533
2014,"{""lag1_age_band"": ""20-24"", ""lag1_ever_rehab_to_date"": ""0"", ""lag1_ge_cat"": ""1""}",0.01,17,428525,7285214,834,851,5000000,True,100000000,False,0.11553077432655719,0.26070041702672675,1e-06,0.30466807314477545
2014,"{""lag1_age_band"": ""75-79"", ""lag1_ever_rehab_to_date"": ""0"", ""lag1_ge_cat"": ""2""}",0.01,16,401111,6418032,6417586,6417602,5000000,True,100000000,False,0.0001300862290287353,0.001180130788530098,1e-06,0.05307540683398303
2014,"{""lag1_age_band"": ""55-59"", ""lag1_ever_rehab_to_date"": ""1"", ""lag1_ge_cat"": ""2""}",0.01,84,24017,2024484,264196,264280,5000000,False,100000000,False,0.0012348046715378745,0.3993053998055136,1e-06,0.38686223934070646
2014,"{""lag1_age_band"": ""70-74"", ""lag1_ever_rehab_to_date"": ""1"", ""lag1_ge_cat"": ""1""}",0.01,6,6150,36936,36876,36882,5000000,False,100000000,False,0.000628102651085271,0.0019469427073352619,1e-06,0.04630743559355614
2014,"{""lag1_age_band"": ""70-74"", ""lag1_ever_rehab_to_date"": ""0"", ""lag1_ge_cat"": ""2""}",0.01,51,466021,23769672,23299797,23299848,5000000,True,100000000,False,0.0002513443545787969,0.055920884356883145,1e-06,0.05984347532102304
2014,"{""lag1_age_band"": ""20-24"", ""lag1_ever_rehab_to_date"": ""1"", ""lag1_ge_cat"": ""1""}",0.01,1,2173,2174,0,1,5000000,False,100000000,False,0.34905247811190876,0.34905247811190876,1e-06,0.39084412737189356
2014,"{""lag1_age_band"": ""60-64"", ""lag1_ever_rehab_to_date"": ""1"", ""lag1_ge_cat"": ""2""}",0.01,28,17290,484904,106609,106637,5000000,False,100000000,False,0.0012033936160703415,0.3096152176827854,1e-06,0.3388569619353869
2014,"{""lag1_age_band"": ""60-64"", ""lag1_ever_rehab_to_date"": ""1"", ""lag1_ge_cat"": ""1""}",0.01,44,21612,952864,133907,133951,5000000,False,100000000,False,0.0025165766136588186,0.29811426823595444,1e-06,0.32184468534193833
2014,"{""lag1_age_band"": ""25-29"", ""lag1_ever_rehab_to_date"": ""1"", ""lag1_ge_cat"": ""1""}",0.01,6,4279,25710,24,30,5000000,False,100000000,False,0.20514050159075534,0.48186580093477666,1e-06,0.6648887607392934
2014,"{""lag1_age_band"": ""80-84"", ""lag1_ever_rehab_to_date"": ""0"", ""lag1_ge_cat"": ""2""}",0.01,7,252806,1769691,1769628,1769635,5000000,False,100000000,False,0.00020021805939800233,0.0005104817996506135,1e-06,0.01803417156514029
2014,"{""lag1_age_band"": ""85-89"", ""lag1_ever_rehab_to_date"": ""0"", ""lag1_ge_cat"": ""1""}",0.01,3,78838,236523,236511,236514,5000000,False,100000000,False,0.0003892690430129193,0.0007264430957318589,1e-06,0.012575710096735023
2014,"{""lag1_age_band"": ""65-69"", ""lag1_ever_rehab_to_date"": ""1"", ""lag1_ge_cat"": ""1""}",0.01,5,6624,33145,32912,32917,5000000,False,100000000,False,0.000829765545673713,0.00220667194445492,1e-06,0.030472678984309123
2014,"{""lag1_age_band"": ""20-24"", ""lag1_ever_rehab_to_date"": ""1"", ""lag1_ge_cat"": ""2""}",0.01,3,1604,4821,2,5,5000000,False,100000000,False,0.22526028692769,0.3641377626686817,1e-06,0.5084207177371632
2014,"{""lag1_age_band"": ""85-89"", ""lag1_ever_rehab_to_date"": ""0"", ""lag1_ge_cat"": ""2""}",0.01,2,166692,333388,333382,333384,5000000,False,100000000,False,0.0002400295371710195,0.00048117238947755414,1e-06,0.03426001784487793
2014,"{""lag1_age_band"": ""65-69"", ""lag1_ever_rehab_to_date"": ""1"", ""lag1_ge_cat"": ""2""}",0.01,1,5579,5580,5571,5572,5000000,False,100000000,False,0.0028081559944521145,0.0028081559944521145,1e-06,0.028326769406599863
2014,"{""lag1_age_band"": ""<20"", ""lag1_ever_rehab_to_date"": ""0"", ""lag1_ge_cat"": ""2""}",0.01,1,174901,174902,5,6,5000000,False,100000000,False,0.24980805992891447,0.24980805992891447,1e-06,0.25441309979877974
2015,"{""lag1_age_band"": ""40-44"", ""lag1_ever_rehab_to_date"": ""1"", ""lag1_ge_cat"": ""2""}",0.01,149,12182,1837319,31891,32040,5000000,False,100000000,False,0.003324448954034265,0.49481127474241327,1e-06,0.5825432426606718
2015,"{""lag1_age_band"": ""60-64"", ""lag1_ever_rehab_to_date"": ""1"", ""lag1_ge_cat"": ""1""}",0.01,68,28928,1971728,635101,635169,5000000,False,100000000,False,0.001019476715915849,0.32730580686313127,1e-06,0.3418282879946213
2015,"{""lag1_age_band"": ""40-44"", ""lag1_ever_rehab_to_date"": ""0"", ""lag1_ge_cat"": ""2""}",0.01,1477,483349,716088002,23527731,23529208,5000000,True,100000000,False,0.0007504649873575157,0.29843528145591225,1e-06,0.3206956079112741
2015,"{""lag1_age_band"": ""50-54"", ""lag1_ever_rehab_to_date"": ""0"", ""lag1_ge_cat"": ""2""}",0.01,1326,601689,799597890,42302202,42303528,5000000,True,100000000,False,0.0007131527576604057,0.2843815578584209,1e-06,0.23569653889277017
2015,"{""lag1_age_band"": ""25-29"", ""lag1_ever_rehab_to_date"": ""0"", ""lag1_ge_cat"": ""2""}",0.01,438,472237,207031650,1647606,1648044,5000000,True,100000000,False,0.0025962242971001915,0.3436332788964674,1e-06,0.3505379991658598
2015,"{""lag1_age_band"": ""35-39"", ""lag1_ever_rehab_to_date"": ""0"", ""lag1_ge_cat"": ""2""}",0.01,1245,453368,565993185,10021389,10022634,5000000,True,100000000,False,0.0015429121719863984,0.35159582043611215,1e-06,0.3746597194477065
2015,"{""lag1_age_band"": ""45-49"", ""lag1_ever_rehab_to_date"": ""0"", ""lag1_ge_cat"": ""2""}",0.01,1935,602403,1169394030,52740884,52742819,5000000,True,100000000,False,0.0008633426475890846,0.24027622215253572,1e-06,0.2459785082897324
2015,"{""lag1_age_band"": ""55-59"", ""lag1_ever_rehab_to_date"": ""0"", ""lag1_ge_cat"": ""1""}",0.01,956,546852,523704448,41380222,41381178,5000000,True,100000000,False,0.0005892368686570061,0.19607938546288087,1e-06,0.25462796487808526
2015,"{""lag1_age_band"": ""45-49"", ""lag1_ever_rehab_to_date"": ""0"", ""lag1_ge_cat"": ""1""}",0.01,1715,658592,1132426505,36558753,36560468,5000000,True,100000000,False,0.000704913385526085,0.2797370531521181,1e-06,0.29830599712014455
2015,"{""lag1_age_band"": ""40-44"", ""lag1_ever_rehab_to_date"": ""0"", ""lag1_ge_cat"": ""1""}",0.01,1249,527306,660165195,14798600,14799849,5000000,True,100000000,False,0.001218970016901279,0.2725875005054106,1e-06,0.2594669403982459
2015,"{""lag1_age_band"": ""35-39"", ""lag1_ever_rehab_to_date"": ""0"", ""lag1_ge_cat"": ""1""}",0.01,929,486670,452979471,5957160,5958089,5000000,True,100000000,False,0.0014520195501070293,0.28219512076424497,1e-06,0.3257901466868521
2015,"{""lag1_age_band"": ""55-59"", ""lag1_ever_rehab_to_date"": ""1"", ""lag1_ge_cat"": ""2""}",0.01,95,30797,2934740,251127,251222,5000000,False,100000000,False,0.0011468818442250193,0.4751020372370846,1e-06,0.42911655226223067
2015,"{""lag1_age_band"": ""60-64"", ""lag1_ever_rehab_to_date"": ""0"", ""lag1_ge_cat"": ""1""}",0.01,379,471460,178826981,56552957,56553336,5000000,True,100000000,False,0.0002888533911959844,0.16626908818858321,1e-06,0.16510011316544196
2015,"{""lag1_age_band"": ""30-34"", ""lag1_ever_rehab_to_date"": ""0"", ""lag1_ge_cat"": ""2""}",0.01,981,478762,470627883,6723696,6724677,5000000,True,100000000,False,0.0029101964548510118,0.3172293913478273,1e-06,0.32061451979123706
2015,"{""lag1_age_band"": ""55-59"", ""lag1_ever_rehab_to_date"": ""0"", ""lag1_ge_cat"": ""2""}",0.01,604,519647,314231604,33870766,33871370,5000000,True,100000000,False,0.0005268788488490805,0.19755095245775273,1e-06,0.21363607604173188
2015,"{""lag1_age_band"": ""50-54"", ""lag1_ever_rehab_to_date"": ""0"", ""lag1_ge_cat"": ""1""}",0.01,1498,647582,972321840,49209700,49211198,5000000,True,100000000,False,0.0006807462874904886,0.21778585791160296,1e-06,0.2509115142149597
2015,"{""lag1_age_band"": ""65-69"", ""lag1_ever_rehab_to_date"": ""0"", ""lag1_ge_cat"": ""1""}",0.01,219,391015,85680246,80142210,80142429,5000000,True,100000000,False,0.00012864910715378578,0.16168559872531021,1e-06,0.10111127066813677
2015,"{""lag1_age_band"": ""20-24"", ""lag1_ever_rehab_to_date"": ""0"", ""lag1_ge_cat"": ""1""}",0.01,24,418386,10041840,1217,1241,5000000,True,100000000,False,0.16181638424712128,0.36161338083890204,1e-06,0.3579585503390896
2015,"{""lag1_age_band"": ""30-34"", ""lag1_ever_rehab_to_date"": ""0"", ""lag1_ge_cat"": ""1""}",0.01,583,508965,297066484,2063647,2064230,5000000,True,100000000,False,0.002455937237071292,0.30939642587916266,1e-06,0.31615810413895873
2015,"{""lag1_age_band"": ""45-49"", ""lag1_ever_rehab_to_date"": ""1"", ""lag1_ge_cat"": ""2""}",0.01,220,22598,5019960,144667,144887,5000000,True,100000000,False,0.0021264713253652703,0.66159294603473,1e-06,0.43373276799314664
2015,"{""lag1_age_band"": ""35-39"", ""lag1_ever_rehab_to_date"": ""1"", ""lag1_ge_cat"": ""1""}",0.01,97,8421,826246,11252,11349,5000000,False,100000000,False,0.004659049886029403,0.520824509984941,1e-06,0.6429052771503876
2015,"{""lag1_age_band"": ""45-49"", ""lag1_ever_rehab_to_date"": ""1"", ""lag1_ge_cat"": ""1""}",0.01,260,21392,5629520,271192,271452,5000000,True,100000000,False,0.0017324985563483047,0.5618156846796334,1e-06,0.46282319446861314
2015,"{""lag1_age_band"": ""50-54"", ""lag1_ever_rehab_to_date"": ""1"", ""lag1_ge_cat"": ""1""}",0.01,245,29849,7373030,483106,483351,5000000,True,100000000,False,0.0018282586253911097,0.5330972788514761,1e-06,0.4696152453063227
2015,"{""lag1_age_band"": ""60-64"", ""lag1_ever_rehab_to_date"": ""0"", ""lag1_ge_cat"": ""2""}",0.01,250,478135,119596250,32506062,32506312,5000000,True,100000000,False,0.0002456687859591845,0.16014883527265095,1e-06,0.18093358487791372
2015,"{""lag1_age_band"": ""75-79"", ""lag1_ever_rehab_to_date"": ""0"", ""lag1_ge_cat"": ""2""}",0.01,20,423571,8471820,8471187,8471207,5000000,True,100000000,False,0.000159811173091954,0.0007462586388533327,1e-06,0.03232235608830148
2015,"{""lag1_age_band"": ""40-44"", ""lag1_ever_rehab_to_date"": ""1"", ""lag1_ge_cat"": ""1""}",0.01,163,12011,1984362,64898,65061,5000000,False,100000000,False,0.0021412646115835056,0.6228172738979516,1e-06,0.6192683407526849
2015,"{""lag1_age_band"": ""25-29"", ""lag1_ever_rehab_to_date"": ""0"", ""lag1_ge_cat"": ""1""}",0.01,205,507176,104013105,76963,77168,5000000,True,100000000,False,0.016889222508679073,0.30391773781356296,1e-06,0.3297114912020664
2015,"{""lag1_age_band"": ""55-59"", ""lag1_ever_rehab_to_date"": ""1"", ""lag1_ge_cat"": ""1""}",0.01,154,33081,5118190,301892,302046,5000000,True,100000000,False,0.0015000367205684545,0.6128052549296503,1e-06,0.4122774566255574
2015,"{""lag1_age_band"": ""25-29"", ""lag1_ever_rehab_to_date"": ""1"", ""lag1_ge_cat"": ""1""}",0.01,7,5136,36001,37,44,5000000,False,100000000,False,0.3084033211311462,0.4764720665552417,1e-06,0.7816845566909775
2015,"{""lag1_age_band"": ""60-64"", ""lag1_ever_rehab_to_date"": ""1"", ""lag1_ge_cat"": ""2""}",0.01,38,24136,918612,341226,341264,5000000,False,100000000,False,0.0005197513134685641,0.3272406980097588,1e-06,0.5024334856255595
2015,"{""lag1_age_band"": ""70-74"", ""lag1_ever_rehab_to_date"": ""0"", ""lag1_ge_cat"": ""2""}",0.01,61,446713,27253214,26801752,26801813,5000000,True,100000000,False,0.00015161866741028184,0.05408291141969583,1e-06,0.037675835932661474
2015,"{""lag1_age_band"": ""70-74"", ""lag1_ever_rehab_to_date"": ""0"", ""lag1_ge_cat"": ""1""}",0.01,121,397133,48067734,47648823,47648944,5000000,True,100000000,False,5.417464105145602e-05,0.04990724315920282,1e-06,0.08074011034152098
2015,"{""lag1_age_band"": ""65-69"", ""lag1_ever_rehab_to_date"": ""0"", ""lag1_ge_cat"": ""2""}",0.01,115,410592,47231305,45981201,45981316,5000000,True,100000000,False,0.0002499345413968583,0.08428380959655023,1e-06,0.10548723774595381
2015,"{""lag1_age_band"": ""70-74"", ""lag1_ever_rehab_to_date"": ""1"", ""lag1_ge_cat"": ""1""}",0.01,3,7317,21960,21942,21945,5000000,False,100000000,False,0.0006796150647412342,0.001122339289089531,1e-06,0.04198858079228775
2015,"{""lag1_age_band"": ""50-54"", ""lag1_ever_rehab_to_date"": ""1"", ""lag1_ge_cat"": ""2""}",0.01,200,30642,6168400,559714,559914,5000000,True,100000000,False,0.0011095925027784573,0.5343802191049383,1e-06,0.396140869387571
2015,"{""lag1_age_band"": ""35-39"", ""lag1_ever_rehab_to_date"": ""1"", ""lag1_ge_cat"": ""2""}",0.01,91,7943,731094,10766,10857,5000000,False,100000000,False,0.005548637961988213,0.5003120525969742,1e-06,0.5630186850023682
2015,"{""lag1_age_band"": ""20-24"", ""lag1_ever_rehab_to_date"": ""0"", ""lag1_ge_cat"": ""2""}",0.01,85,391833,33313030,11682,11767,5000000,True,100000000,False,0.13644484486306271,0.3187155541059828,1e-06,0.3570990444771885
2015,"{""lag1_age_band"": ""75-79"", ""lag1_ever_rehab_to_date"": ""0"", ""lag1_ge_cat"": ""1""}",0.01,37,344735,12756564,12753439,12753476,5000000,True,100000000,False,0.00013052057066318773,0.0007007979211870112,1e-06,0.06344577842242102
2015,"{""lag1_age_band"": ""25-29"", ""lag1_ever_rehab_to_date"": ""1"", ""lag1_ge_cat"": ""2""}",0.01,17,4524,77197,99,116,5000000,False,100000000,False,0.025438371885829723,0.5360878997119285,1e-06,0.5832473889718391
2015,"{""lag1_age_band"": ""30-34"", ""lag1_ever_rehab_to_date"": ""1"", ""lag1_ge_cat"": ""2""}",0.01,48,6657,321840,774,822,5000000,False,100000000,False,0.20348941281187571,0.545571930194444,1e-06,0.6283558865978771
2015,"{""lag1_age_band"": ""30-34"", ""lag1_ever_rehab_to_date"": ""1"", ""lag1_ge_cat"": ""1""}",0.01,41,7132,294093,14534,14575,5000000,False,100000000,False,0.005357582204751561,0.49659336185535946,1e-06,0.7814650257788586
2015,"{""lag1_age_band"": ""75-79"", ""lag1_ever_rehab_to_date"": ""1"", ""lag1_ge_cat"": ""1""}",0.01,1,5258,5259,5255,5256,5000000,False,100000000,False,0.00047083088576146433,0.00047083088576146433,1e-06,0.015786952303327998
2015,"{""lag1_age_band"": ""80-84"", ""lag1_ever_rehab_to_date"": ""0"", ""lag1_ge_cat"": ""1""}",0.01,4,180465,721876,721816,721820,5000000,False,100000000,False,0.00014643100715803313,0.0005432993825085826,1e-06,0.02576337778354128
2015,"{""lag1_age_band"": ""90+"", ""lag1_ever_rehab_to_date"": ""0"", ""lag1_ge_cat"": ""2""}",0.01,1,80040,80041,80039,80040,5000000,False,100000000,False,0.00028904436322511206,0.00028904436322511206,1e-06,0.016189938799421977
2015,"{""lag1_age_band"": ""65-69"", ""lag1_ever_rehab_to_date"": ""1"", ""lag1_ge_cat"": ""1""}",0.01,6,10012,60108,60004,60010,5000000,False,100000000,False,0.0007690829361101625,0.004779888730796427,1e-06,0.03385426983479034
2015,"{""lag1_age_band"": ""80-84"", ""lag1_ever_rehab_to_date"": ""0"", ""lag1_ge_cat"": ""2""}",0.01,6,261289,1567770,1567722,1567728,5000000,False,100000000,False,0.000150977939311701,0.0005734819357187136,1e-06,0.01342606754991084
2015,"{""lag1_age_band"": ""75-79"", ""lag1_ever_rehab_to_date"": ""1"", ""lag1_ge_cat"": ""2""}",0.01,1,5291,5292,5291,5292,5000000,False,100000000,False,0.0011463020095544686,0.0011463020095544686,1e-06,0.009873856963869507
2015,"{""lag1_age_band"": ""65-69"", ""lag1_ever_rehab_to_date"": ""1"", ""lag1_ge_cat"": ""2""}",0.01,2,7942,15888,15879,15881,5000000,False,100000000,False,0.0024843045182583795,0.00720723918592418,1e-06,0.16614419942605607
2015,"{""lag1_age_band"": ""85-89"", ""lag1_ever_rehab_to_date"": ""0"", ""lag1_ge_cat"": ""1""}",0.01,2,83874,167752,167746,167748,5000000,False,100000000,False,0.00036986476853414075,0.0005143992446400893,1e-06,0.028014707700916474
2015,"{""lag1_age_band"": ""70-74"", ""lag1_ever_rehab_to_date"": ""1"", ""lag1_ge_cat"": ""2""}",0.01,1,6347,6348,6346,6347,5000000,False,100000000,False,0.0011205294270494827,0.0011205294270494827,1e-06,0.0161145117190448
2015,"{""lag1_age_band"": ""85-89"", ""lag1_ever_rehab_to_date"": ""0"", ""lag1_ge_cat"": ""2""}",0.01,1,168371,168372,168370,168371,5000000,False,100000000,False,0.0005127701226385718,0.0005127701226385718,1e-06,0.022206990885358144
2016,"{""lag1_age_band"": ""40-44"", ""lag1_ever_rehab_to_date"": ""0"", ""lag1_ge_cat"": ""1""}",0.01,1108,502913,558455268,8275292,8276400,5000000,True,100000000,False,0.0016081923020047938,0.3066912785320345,1e-06,0.31677541484424315
2016,"{""lag1_age_band"": ""45-49"", ""lag1_ever_rehab_to_date"": ""0"", ""lag1_ge_cat"": ""2""}",0.01,1573,575043,907016968,35806662,35808235,5000000,True,100000000,False,0.0007806914769183182,0.2740325794674812,1e-06,0.2712793979778843
2016,"{""lag1_age_band"": ""45-49"", ""lag1_ever_rehab_to_date"": ""0"", ""lag1_ge_cat"": ""1""}",0.01,1425,631740,902260125,22406071,22407496,5000000,True,100000000,False,0.0004807277469811174,0.27283653988801754,1e-06,0.275635996722915
2016,"{""lag1_age_band"": ""55-59"", ""lag1_ever_rehab_to_date"": ""0"", ""lag1_ge_cat"": ""2""}",0.01,598,520358,311531688,28139500,28140098,5000000,True,100000000,False,0.0005763940289797258,0.21014737290994967,1e-06,0.2035996082150641
2016,"{""lag1_age_band"": ""50-54"", ""lag1_ever_rehab_to_date"": ""0"", ""lag1_ge_cat"": ""1""}",0.01,1317,646248,852843105,43142523,43143840,5000000,True,100000000,False,0.00046741903909571094,0.25716296378072145,1e-06,0.24957959798183266
2016,"{""lag1_age_band"": ""40-44"", ""lag1_ever_rehab_to_date"": ""0"", ""lag1_ge_cat"": ""2""}",0.01,1324,459272,609829104,12241642,12242966,5000000,True,100000000,False,0.0009827009180371211,0.3006624374186386,1e-06,0.30525570173893457
2016,"{""lag1_age_band"": ""70-74"", ""lag1_ever_rehab_to_date"": ""0"", ""lag1_ge_cat"": ""2""}",0.01,57,402885,22967694,22963402,22963459,5000000,True,100000000,False,0.00018743763246258376,0.00115913369932155,1e-06,0.04506229142824794
2016,"{""lag1_age_band"": ""30-34"", ""lag1_ever_rehab_to_date"": ""0"", ""lag1_ge_cat"": ""2""}",0.01,883,476268,421324333,1871868,1872751,5000000,True,100000000,False,0.002924129254918802,0.3587521288637747,1e-06,0.3993211339736044
2016,"{""lag1_age_band"": ""55-59"", ""lag1_ever_rehab_to_date"": ""0"", ""lag1_ge_cat"": ""1""}",0.01,886,548731,486960662,36892302,36893188,5000000,True,100000000,False,0.0005350577634914287,0.1906039052402626,1e-06,0.20215982587068068
2016,"{""lag1_age_band"": ""50-54"", ""lag1_ever_rehab_to_date"": ""0"", ""lag1_ge_cat"": ""2""}",0.01,1199,596281,716378520,43765475,43766674,5000000,True,100000000,False,0.0007673524914438686,0.25865524378863375,1e-06,0.22821795889550128
2016,"{""lag1_age_band"": ""60-64"", ""lag1_ever_rehab_to_date"": ""0"", ""lag1_ge_cat"": ""2""}",0.01,269,464974,125150367,38586651,38586920,5000000,True,100000000,False,0.00027507837439859676,0.19632639205492136,1e-06,0.19934643199785287
2016,"{""lag1_age_band"": ""20-24"", ""lag1_ever_rehab_to_date"": ""0"", ""lag1_ge_cat"": ""1""}",0.01,11,409588,4505589,305,316,5000000,False,100000000,False,0.18285494422119103,0.3271883731631916,1e-06,0.4467091466579598
2016,"{""lag1_age_band"": ""35-39"", ""lag1_ever_rehab_to_date"": ""0"", ""lag1_ge_cat"": ""1""}",0.01,895,499039,447440930,5047944,5048839,5000000,True,100000000,False,0.0025137759904388488,0.35847263239368243,1e-06,0.3387769539981194
2016,"{""lag1_age_band"": ""30-34"", ""lag1_ever_rehab_to_date"": ""1"", ""lag1_ge_cat"": ""1""}",0.01,48,8211,396432,635,683,5000000,False,100000000,False,0.023851124741245004,0.5511037826274859,1e-06,0.8154528214058584
2016,"{""lag1_age_band"": ""35-39"", ""lag1_ever_rehab_to_date"": ""0"", ""lag1_ge_cat"": ""2""}",0.01,1264,462954,586771552,9994167,9995431,5000000,True,100000000,False,0.0011886249566079878,0.3579788538063651,1e-06,0.35689312237094806
2016,"{""lag1_age_band"": ""25-29"", ""lag1_ever_rehab_to_date"": ""0"", ""lag1_ge_cat"": ""1""}",0.01,191,521561,99654632,559185,559376,5000000,True,100000000,False,0.00382721114336527,0.3101530316765659,1e-06,0.4021471179278297
2016,"{""lag1_age_band"": ""65-69"", ""lag1_ever_rehab_to_date"": ""0"", ""lag1_ge_cat"": ""1""}",0.01,202,408079,82472762,80785657,80785859,5000000,True,100000000,False,0.00017539500779409822,0.08704361235946807,1e-06,0.1116019854561441
2016,"{""lag1_age_band"": ""30-34"", ""lag1_ever_rehab_to_date"": ""0"", ""lag1_ge_cat"": ""1""}",0.01,525,512468,269321325,257867,258392,5000000,True,100000000,False,0.011512916697786146,0.34225836538288545,1e-06,0.3783044552491202
2016,"{""lag1_age_band"": ""25-29"", ""lag1_ever_rehab_to_date"": ""0"", ""lag1_ge_cat"": ""2""}",0.01,408,480307,196131720,1553940,1554348,5000000,True,100000000,False,0.003350722838714699,0.39442151033486594,1e-06,0.4216486567566387
2016,"{""lag1_age_band"": ""55-59"", ""lag1_ever_rehab_to_date"": ""1"", ""lag1_ge_cat"": ""1""}",0.01,184,39079,7224392,918268,918452,5000000,True,100000000,False,0.0010130026343660582,0.32353856605705633,1e-06,0.3647158321225783
2016,"{""lag1_age_band"": ""50-54"", ""lag1_ever_rehab_to_date"": ""1"", ""lag1_ge_cat"": ""1""}",0.01,241,34470,8365351,623136,623377,5000000,True,100000000,False,0.0008066075754388217,0.49195818067143826,1e-06,0.40144581566557136
2016,"{""lag1_age_band"": ""50-54"", ""lag1_ever_rehab_to_date"": ""1"", ""lag1_ge_cat"": ""2""}",0.01,216,35635,7743816,560909,561125,5000000,True,100000000,False,0.0015885547903541845,0.5058916580453802,1e-06,0.49948532455244604
2016,"{""lag1_age_band"": ""45-49"", ""lag1_ever_rehab_to_date"": ""1"", ""lag1_ge_cat"": ""1""}",0.01,248,23480,5884544,290373,290621,5000000,True,100000000,False,0.0016211662428666945,0.5652881311311257,1e-06,0.5141752297453573
2016,"{""lag1_age_band"": ""45-49"", ""lag1_ever_rehab_to_date"": ""1"", ""lag1_ge_cat"": ""2""}",0.01,255,24629,6345420,546543,546798,5000000,True,100000000,False,0.0016099717842523104,0.5253743967922484,1e-06,0.44431706907890944
2016,"{""lag1_age_band"": ""60-64"", ""lag1_ever_rehab_to_date"": ""0"", ""lag1_ge_cat"": ""1""}",0.01,317,461924,146530397,42487337,42487654,5000000,True,100000000,False,0.00020255207662386653,0.17061603599126743,1e-06,0.26758310146759734
2016,"{""lag1_age_band"": ""65-69"", ""lag1_ever_rehab_to_date"": ""0"", ""lag1_ge_cat"": ""2""}",0.01,116,436490,50646296,48008914,48009030,5000000,True,100000000,False,0.00021380900213195585,0.10312336342565809,1e-06,0.09105870218203313
2016,"{""lag1_age_band"": ""40-44"", ""lag1_ever_rehab_to_date"": ""1"", ""lag1_ge_cat"": ""1""}",0.01,165,13090,2187075,17734,17899,5000000,False,100000000,False,0.0091768265963493,0.508646832242582,1e-06,0.5257117502986055
2016,"{""lag1_age_band"": ""75-79"", ""lag1_ever_rehab_to_date"": ""0"", ""lag1_ge_cat"": ""1""}",0.01,23,357795,8229814,8228031,8228054,5000000,True,100000000,False,0.00014655590514572707,0.0008134012558894695,1e-06,0.06888948786804674
2016,"{""lag1_age_band"": ""40-44"", ""lag1_ever_rehab_to_date"": ""1"", ""lag1_ge_cat"": ""2""}",0.01,163,13061,2155512,84138,84301,5000000,False,100000000,False,0.004150837287561293,0.593657555076002,1e-06,0.5677499517740192
2016,"{""lag1_age_band"": ""55-59"", ""lag1_ever_rehab_to_date"": ""1"", ""lag1_ge_cat"": ""2""}",0.01,95,37049,3528680,520480,520575,5000000,False,100000000,False,0.001162103361774675,0.34280000754217743,1e-06,0.4886138121906403
2016,"{""lag1_age_band"": ""30-34"", ""lag1_ever_rehab_to_date"": ""1"", ""lag1_ge_cat"": ""2""}",0.01,55,7641,423280,8155,8210,5000000,False,100000000,False,0.009609694795723,0.5379973887932316,1e-06,0.5912039021548053
2016,"{""lag1_age_band"": ""70-74"", ""lag1_ever_rehab_to_date"": ""0"", ""lag1_ge_cat"": ""1""}",0.01,104,355952,37029824,37014532,37014636,5000000,True,100000000,False,0.00012169200120088471,0.0009868022822304733,1e-06,0.08578138074145426
2016,"{""lag1_age_band"": ""60-64"", ""lag1_ever_rehab_to_date"": ""1"", ""lag1_ge_cat"": ""1""}",0.01,67,35551,2386406,860071,860138,5000000,False,100000000,False,0.0006859126198708312,0.48700867130574765,1e-06,0.309585906947446
2016,"{""lag1_age_band"": ""20-24"", ""lag1_ever_rehab_to_date"": ""0"", ""lag1_ge_cat"": ""2""}",0.01,61,379889,23176950,4082,4143,5000000,True,100000000,False,0.15333013685349337,0.3515989433931839,1e-06,0.42868815775506525
2016,"{""lag1_age_band"": ""35-39"", ""lag1_ever_rehab_to_date"": ""1"", ""lag1_ge_cat"": ""2""}",0.01,97,9479,928872,29597,29694,5000000,False,100000000,False,0.004490354819064956,0.5422180759194429,1e-06,0.5723181733830586
2016,"{""lag1_age_band"": ""60-64"", ""lag1_ever_rehab_to_date"": ""1"", ""lag1_ge_cat"": ""2""}",0.01,40,30758,1231920,214834,214874,5000000,False,100000000,False,0.0016689527514889288,0.3255196909276882,1e-06,0.441369831883709
2016,"{""lag1_age_band"": ""35-39"", ""lag1_ever_rehab_to_date"": ""1"", ""lag1_ge_cat"": ""1""}",0.01,84,10027,849324,1908,1992,5000000,False,100000000,False,0.013411165111413496,0.6501898302811776,1e-06,0.6268253319224065
2016,"{""lag1_age_band"": ""25-29"", ""lag1_ever_rehab_to_date"": ""1"", ""lag1_ge_cat"": ""2""}",0.01,14,5308,74508,61,75,5000000,False,100000000,False,0.2615553083243762,0.5469732325865296,1e-06,0.5987523497186907
2016,"{""lag1_age_band"": ""65-69"", ""lag1_ever_rehab_to_date"": ""1"", ""lag1_ge_cat"": ""2""}",0.01,6,11385,68346,56889,56895,5000000,False,100000000,False,0.000867550979944472,0.15359824380032805,1e-06,0.03535367832835617
2016,"{""lag1_age_band"": ""20-24"", ""lag1_ever_rehab_to_date"": ""1"", ""lag1_ge_cat"": ""1""}",0.01,1,2356,2357,0,1,5000000,False,100000000,False,0.36481381364013366,0.36481381364013366,1.0017655463233244e-06,0.49943937332367205
2016,"{""lag1_age_band"": ""75-79"", ""lag1_ever_rehab_to_date"": ""0"", ""lag1_ge_cat"": ""2""}",0.01,15,439304,6589785,6589365,6589380,5000000,True,100000000,False,0.00012295958304803613,0.000918719763790562,1e-06,0.035270563090811245
2016,"{""lag1_age_band"": ""65-69"", ""lag1_ever_rehab_to_date"": ""1"", ""lag1_ge_cat"": ""1""}",0.01,10,14686,146960,146655,146665,5000000,False,100000000,False,0.0005277571542900031,0.009171183012259701,1e-06,0.040879626646098316
2016,"{""lag1_age_band"": ""25-29"", ""lag1_ever_rehab_to_date"": ""1"", ""lag1_ge_cat"": ""1""}",0.01,9,5876,52965,46,55,5000000,False,100000000,False,0.2715211008402835,0.5294319826632302,1e-06,0.5571857608365208
2016,"{""lag1_age_band"": ""85-89"", ""lag1_ever_rehab_to_date"": ""0"", ""lag1_ge_cat"": ""1""}",0.01,3,88697,266100,266079,266082,5000000,False,100000000,False,9.34376394432315e-05,0.00038778586247518413,1e-06,0.02359770068819628
2016,"{""lag1_age_band"": ""80-84"", ""lag1_ever_rehab_to_date"": ""0"", ""lag1_ge_cat"": ""1""}",0.01,13,191713,2492438,2492074,2492087,5000000,False,100000000,False,8.876127516863302e-05,0.0006488577675577269,1e-06,0.026245825451584378
2016,"{""lag1_age_band"": ""20-24"", ""lag1_ever_rehab_to_date"": ""1"", ""lag1_ge_cat"": ""2""}",0.01,2,1740,3484,2,4,5000000,False,100000000,False,0.43408379233481925,0.4912340059054789,1.1014762993967206e-06,0.6186060718901536
2016,"{""lag1_age_band"": ""80-84"", ""lag1_ever_rehab_to_date"": ""0"", ""lag1_ge_cat"": ""2""}",0.01,1,272635,272636,272633,272634,5000000,False,100000000,False,0.0003525162931035366,0.0003525162931035366,1e-06,0.019191083460078816
2016,"{""lag1_age_band"": ""75-79"", ""lag1_ever_rehab_to_date"": ""1"", ""lag1_ge_cat"": ""1""}",0.01,1,6886,6887,6884,6885,5000000,False,100000000,False,0.0009830138085540857,0.0009830138085540857,1e-06,0.03701715326613495
2016,"{""lag1_age_band"": ""70-74"", ""lag1_ever_rehab_to_date"": ""1"", ""lag1_ge_cat"": ""1""}",0.01,1,7896,7897,7893,7894,5000000,False,100000000,False,0.0010572544436384698,0.0010572544436384698,1e-06,0.04702088925865395
2016,"{""lag1_age_band"": ""70-74"", ""lag1_ever_rehab_to_date"": ""1"", ""lag1_ge_cat"": ""2""}",0.01,1,6844,6845,6843,6844,5000000,False,100000000,False,0.0024919626788075192,0.0024919626788075192,1e-06,0.014347824424649653
2017,"{""lag1_age_band"": ""45-49"", ""lag1_ever_rehab_to_date"": ""0"", ""lag1_ge_cat"": ""2""}",0.01,1379,548911,758849910,22775938,22777317,5000000,True,100000000,False,0.0006149135931126272,0.2954226814391732,1e-06,0.29372975652587424
2017,"{""lag1_age_band"": ""50-54"", ""lag1_ever_rehab_to_date"": ""1"", ""lag1_ge_cat"": ""1""}",0.01,256,38082,9814528,652385,652641,5000000,True,100000000,False,0.0019473723967038947,0.5470770621055465,1e-06,0.4350716710356308
2017,"{""lag1_age_band"": ""50-54"", ""lag1_ever_rehab_to_date"": ""0"", ""lag1_ge_cat"": ""2""}",0.01,1117,589873,660135830,34249737,34250854,5000000,True,100000000,False,0.00040970362422419065,0.2645869396769629,1e-06,0.25584897434416853
2017,"{""lag1_age_band"": ""35-39"", ""lag1_ever_rehab_to_date"": ""0"", ""lag1_ge_cat"": ""2""}",0.01,1154,472489,546584022,7044297,7045451,5000000,True,100000000,False,0.0013278418999011757,0.3743894952279154,1e-06,0.3581178195056328
2017,"{""lag1_age_band"": ""40-44"", ""lag1_ever_rehab_to_date"": ""0"", ""lag1_ge_cat"": ""1""}",0.01,999,488675,489184326,8188783,8189782,5000000,True,100000000,False,0.0013774615546393119,0.3338346425530251,1e-06,0.33506743530473104
2017,"{""lag1_age_band"": ""45-49"", ""lag1_ever_rehab_to_date"": ""1"", ""lag1_ge_cat"": ""2""}",0.01,228,25919,5961516,496430,496658,5000000,True,100000000,False,0.00219896595896822,0.5602453226145964,1e-06,0.4180634420517336
2017,"{""lag1_age_band"": ""35-39"", ""lag1_ever_rehab_to_date"": ""0"", ""lag1_ge_cat"": ""1""}",0.01,863,512339,442893326,4452961,4453824,5000000,True,100000000,False,0.0017821110821999563,0.3713667538096854,1e-06,0.3773258309488482
2017,"{""lag1_age_band"": ""45-49"", ""lag1_ever_rehab_to_date"": ""0"", ""lag1_ge_cat"": ""1""}",0.01,1322,606295,803269674,21614235,21615557,5000000,True,100000000,False,0.0005280159735780519,0.29292812733652407,1e-06,0.3018632210534586
2017,"{""lag1_age_band"": ""40-44"", ""lag1_ever_rehab_to_date"": ""0"", ""lag1_ge_cat"": ""2""}",0.01,1185,444494,528129615,11896354,11897539,5000000,True,100000000,False,0.0008818779856579083,0.35385459252659207,1e-06,0.3329652022201968
2017,"{""lag1_age_band"": ""50-54"", ""lag1_ever_rehab_to_date"": ""0"", ""lag1_ge_cat"": ""1""}",0.01,1208,643633,778967928,34916911,34918119,5000000,True,100000000,False,0.00045108598292083077,0.243276563135511,1e-06,0.2267513169074282
2017,"{""lag1_age_band"": ""70-74"", ""lag1_ever_rehab_to_date"": ""0"", ""lag1_ge_cat"": ""1""}",0.01,124,328570,40758056,40738272,40738396,5000000,True,100000000,False,0.00014247710958119285,0.001614467695781375,1e-06,0.07241715736380075
2017,"{""lag1_age_band"": ""50-54"", ""lag1_ever_rehab_to_date"": ""1"", ""lag1_ge_cat"": ""2""}",0.01,229,39618,9124963,913021,913250,5000000,True,100000000,False,0.001030451534707803,0.5832977598379029,1e-06,0.45714207232627285
2017,"{""lag1_age_band"": ""35-39"", ""lag1_ever_rehab_to_date"": ""1"", ""lag1_ge_cat"": ""1""}",0.01,99,11544,1152657,1522,1621,5000000,False,100000000,False,0.012529570488809653,0.5487050525098499,1e-06,0.5178349009217454
2017,"{""lag1_age_band"": ""55-59"", ""lag1_ever_rehab_to_date"": ""0"", ""lag1_ge_cat"": ""2""}",0.01,585,524357,307091070,27267620,27268205,5000000,True,100000000,False,0.0002491548579896606,0.2376016390988441,1e-06,0.23350044325986108
2017,"{""lag1_age_band"": ""55-59"", ""lag1_ever_rehab_to_date"": ""1"", ""lag1_ge_cat"": ""1""}",0.01,170,44623,7614810,806222,806392,5000000,True,100000000,False,0.0009543343864814551,0.3646409602846206,1e-06,0.39605152178784964
2017,"{""lag1_age_band"": ""45-49"", ""lag1_ever_rehab_to_date"": ""1"", ""lag1_ge_cat"": ""1""}",0.01,261,24922,6572763,399745,400006,5000000,True,100000000,False,0.002450771463356857,0.5491507357343746,1e-06,0.4435723016613112
2017,"{""lag1_age_band"": ""55-59"", ""lag1_ever_rehab_to_date"": ""1"", ""lag1_ge_cat"": ""2""}",0.01,134,42911,5768030,559384,559518,5000000,True,100000000,False,0.0009650755333300518,0.4062134671963227,1e-06,0.4146390366966692
2017,"{""lag1_age_band"": ""30-34"", ""lag1_ever_rehab_to_date"": ""1"", ""lag1_ge_cat"": ""2""}",0.01,55,8574,474595,18020,18075,5000000,False,100000000,False,0.008464135969147779,0.5919286560864622,1e-06,0.6248430433004164
2017,"{""lag1_age_band"": ""25-29"", ""lag1_ever_rehab_to_date"": ""0"", ""lag1_ge_cat"": ""1""}",0.01,163,530110,86434499,26139,26302,5000000,True,100000000,False,0.1464494102977191,0.3726197349973421,1e-06,0.41644758828239015
2017,"{""lag1_age_band"": ""30-34"", ""lag1_ever_rehab_to_date"": ""0"", ""lag1_ge_cat"": ""2""}",0.01,784,480099,377012272,2184254,2185038,5000000,True,100000000,False,0.00328116265758365,0.4025755277343861,1e-06,0.4459851280072842
2017,"{""lag1_age_band"": ""60-64"", ""lag1_ever_rehab_to_date"": ""0"", ""lag1_ge_cat"": ""2""}",0.01,227,454525,103228704,27724883,27725110,5000000,True,100000000,False,0.00023085975432467638,0.17092744328707393,1e-06,0.1056018897559516
2017,"{""lag1_age_band"": ""30-34"", ""lag1_ever_rehab_to_date"": ""0"", ""lag1_ge_cat"": ""1""}",0.01,514,525121,270176390,1231516,1232030,5000000,True,100000000,False,0.0037435250401560336,0.36594215308110983,1e-06,0.37968259132590176
2017,"{""lag1_age_band"": ""65-69"", ""lag1_ever_rehab_to_date"": ""0"", ""lag1_ge_cat"": ""2""}",0.01,127,451057,57300368,53673450,53673577,5000000,True,100000000,False,0.00015211343833411355,0.12598954313805466,1e-06,0.0334367811144019
2017,"{""lag1_age_band"": ""40-44"", ""lag1_ever_rehab_to_date"": ""1"", ""lag1_ge_cat"": ""2""}",0.01,155,13701,2147680,152784,152939,5000000,False,100000000,False,0.0021328919729708424,0.6047932519683046,1e-06,0.5002615390918079
2017,"{""lag1_age_band"": ""25-29"", ""lag1_ever_rehab_to_date"": ""0"", ""lag1_ge_cat"": ""2""}",0.01,355,480785,170804700,566063,566418,5000000,True,100000000,False,0.00684243672381588,0.42015407266321725,1e-06,0.42456087458305614
2017,"{""lag1_age_band"": ""70-74"", ""lag1_ever_rehab_to_date"": ""1"", ""lag1_ge_cat"": ""1""}",0.01,8,8422,67440,67360,67368,5000000,False,100000000,False,0.0005222599444451723,0.0024432929070551295,1e-06,0.014657865728281674
2017,"{""lag1_age_band"": ""60-64"", ""lag1_ever_rehab_to_date"": ""0"", ""lag1_ge_cat"": ""1""}",0.01,336,457237,153744528,33840959,33841295,5000000,True,100000000,False,0.00010892466193041469,0.21431923871913225,1e-06,0.14630228064977593
2017,"{""lag1_age_band"": ""55-59"", ""lag1_ever_rehab_to_date"": ""0"", ""lag1_ge_cat"": ""1""}",0.01,803,553932,445452205,33246004,33246807,5000000,True,100000000,False,0.00034355674775336575,0.2597600881898003,1e-06,0.23391821764686935
2017,"{""lag1_age_band"": ""60-64"", ""lag1_ever_rehab_to_date"": ""1"", ""lag1_ge_cat"": ""1""}",0.01,92,42028,3875040,1217965,1218057,5000000,False,100000000,False,0.0007945204213716773,0.437028138546554,1e-06,0.33502050643569053
2017,"{""lag1_age_band"": ""25-29"", ""lag1_ever_rehab_to_date"": ""1"", ""lag1_ge_cat"": ""2""}",0.01,21,5720,120561,96,117,5000000,False,100000000,False,0.0331254766679598,0.5504229405507667,1e-06,0.6580118524735192
2017,"{""lag1_age_band"": ""20-24"", ""lag1_ever_rehab_to_date"": ""0"", ""lag1_ge_cat"": ""2""}",0.01,52,378641,19692036,2927,2979,5000000,True,100000000,False,0.16570518560093953,0.4347359431712552,1e-06,0.42927584238751665
2017,"{""lag1_age_band"": ""40-44"", ""lag1_ever_rehab_to_date"": ""1"", ""lag1_ge_cat"": ""1""}",0.01,133,13734,1844311,70515,70648,5000000,False,100000000,False,0.004858254565997762,0.6186968959452568,1e-06,0.556253453838285
2017,"{""lag1_age_band"": ""65-69"", ""lag1_ever_rehab_to_date"": ""0"", ""lag1_ge_cat"": ""1""}",0.01,209,413714,86509907,81080535,81080744,5000000,True,100000000,False,0.00016751289981921264,0.1308182046104756,1e-06,0.09252328697770382
2017,"{""lag1_age_band"": ""30-34"", ""lag1_ever_rehab_to_date"": ""1"", ""lag1_ge_cat"": ""1""}",0.01,49,9131,449820,472,521,5000000,False,100000000,False,0.011783900014813267,0.5609451839363588,1e-06,0.7983995783987887
2017,"{""lag1_age_band"": ""60-64"", ""lag1_ever_rehab_to_date"": ""1"", ""lag1_ge_cat"": ""2""}",0.01,49,37133,1821918,370903,370952,5000000,False,100000000,False,0.0006143357902574317,0.36868688581874737,1e-06,0.2601321800214452
2017,"{""lag1_age_band"": ""75-79"", ""lag1_ever_rehab_to_date"": ""0"", ""lag1_ge_cat"": ""2""}",0.01,21,445930,9364971,9364408,9364429,5000000,True,100000000,False,0.0001481931657081702,0.0006478638445201589,1e-06,0.024482425236722383
2017,"{""lag1_age_band"": ""75-79"", ""lag1_ever_rehab_to_date"": ""0"", ""lag1_ge_cat"": ""1""}",0.01,39,362670,14145651,14142328,14142367,5000000,True,100000000,False,0.00014906390708698683,0.0007094716055831681,1e-06,0.08669415522609648
2017,"{""lag1_age_band"": ""20-24"", ""lag1_ever_rehab_to_date"": ""0"", ""lag1_ge_cat"": ""1""}",0.01,22,417159,9177982,514,536,5000000,True,100000000,False,0.10795713094008484,0.3521258435399373,1e-06,0.4515986048368435
2017,"{""lag1_age_band"": ""70-74"", ""lag1_ever_rehab_to_date"": ""0"", ""lag1_ge_cat"": ""2""}",0.01,66,372478,24587904,24582590,24582656,5000000,True,100000000,False,0.00018648480767288392,0.001722768814675678,1e-06,0.03560270375232347
2017,"{""lag1_age_band"": ""35-39"", ""lag1_ever_rehab_to_date"": ""1"", ""lag1_ge_cat"": ""2""}",0.01,90,10847,984330,55026,55116,5000000,False,100000000,False,0.005264968215009701,0.6371673206764464,1e-06,0.5931955996978888
2017,"{""lag1_age_band"": ""65-69"", ""lag1_ever_rehab_to_date"": ""1"", ""lag1_ge_cat"": ""1""}",0.01,26,20176,525252,463876,463902,5000000,False,100000000,False,0.0006726200403292267,0.22108737779002005,1e-06,0.03562014875593747
2017,"{""lag1_age_band"": ""85-89"", ""lag1_ever_rehab_to_date"": ""0"", ""lag1_ge_cat"": ""1""}",0.01,1,91136,91137,91135,91136,5000000,False,100000000,False,0.00020600343770882872,0.00020600343770882872,1e-06,0.01944883964375915
2017,"{""lag1_age_band"": ""65-69"", ""lag1_ever_rehab_to_date"": ""1"", ""lag1_ge_cat"": ""2""}",0.01,7,15847,110978,95037,95044,5000000,False,100000000,False,0.0008472671379724524,0.12098407516979456,1e-06,0.18331622635648334
2017,"{""lag1_age_band"": ""75-79"", ""lag1_ever_rehab_to_date"": ""1"", ""lag1_ge_cat"": ""2""}",0.01,2,8097,16198,16194,16196,5000000,False,100000000,False,0.0005018448981529278,0.000519971144892826,1e-06,0.004064098063504788
2017,"{""lag1_age_band"": ""25-29"", ""lag1_ever_rehab_to_date"": ""1"", ""lag1_ge_cat"": ""1""}",0.01,5,6389,31970,28,33,5000000,False,100000000,False,0.3621831494396642,0.48847539190195016,1e-06,0.5534867376939742
2017,"{""lag1_age_band"": ""70-74"", ""lag1_ever_rehab_to_date"": ""1"", ""lag1_ge_cat"": ""2""}",0.01,3,7236,21717,21705,21708,5000000,False,100000000,False,0.0006987252385052501,0.0011245886105834264,1e-06,0.015255179996931857
2017,"{""lag1_age_band"": ""20-24"", ""lag1_ever_rehab_to_date"": ""1"", ""lag1_ge_cat"": ""1""}",0.01,1,2303,2304,0,1,5000000,False,100000000,False,0.46849111994732606,0.46849111994732606,1e-06,0.44081291135018114
2017,"{""lag1_age_band"": ""20-24"", ""lag1_ever_rehab_to_date"": ""1"", ""lag1_ge_cat"": ""2""}",0.01,2,1642,3288,2,4,5000000,False,100000000,False,0.4266748438800573,0.4762110774375914,1e-06,0.5104164893412214
2017,"{""lag1_age_band"": ""80-84"", ""lag1_ever_rehab_to_date"": ""0"", ""lag1_ge_cat"": ""2""}",0.01,2,288000,576004,575998,576000,5000000,False,100000000,False,9.580093251830641e-05,0.00021988650260507722,1e-06,0.013398219155087416
2017,"{""lag1_age_band"": ""80-84"", ""lag1_ever_rehab_to_date"": ""0"", ""lag1_ge_cat"": ""1""}",0.01,5,205231,1026180,1026102,1026107,5000000,False,100000000,False,0.00012032805554725766,0.00035990681354464686,1e-06,0.05119609513697529
2017,"{""lag1_age_band"": ""75-79"", ""lag1_ever_rehab_to_date"": ""1"", ""lag1_ge_cat"": ""1""}",0.01,2,8536,17076,17066,17068,5000000,False,100000000,False,0.00024046071795485102,0.0013408514568683928,1e-06,0.03391660215881331
2018,"{""lag1_age_band"": ""55-59"", ""lag1_ever_rehab_to_date"": ""0"", ""lag1_ge_cat"": ""1""}",0.01,775,561959,436118850,29225782,29226557,5000000,True,100000000,False,0.0005194639945741101,0.259487953655841,1e-06,0.16738931558345804
2018,"{""lag1_age_band"": ""35-39"", ""lag1_ever_rehab_to_date"": ""0"", ""lag1_ge_cat"": ""2""}",0.01,1071,481155,516464046,9805786,9806857,5000000,True,100000000,False,0.0010896448512183801,0.4085096831688771,1e-06,0.43196616934181925
2018,"{""lag1_age_band"": ""35-39"", ""lag1_ever_rehab_to_date"": ""0"", ""lag1_ge_cat"": ""1""}",0.01,783,525263,411894018,5957664,5958447,5000000,True,100000000,False,0.0014119134155592106,0.42214642319889034,1e-06,0.4317211180095778
2018,"{""lag1_age_band"": ""55-59"", ""lag1_ever_rehab_to_date"": ""0"", ""lag1_ge_cat"": ""2""}",0.01,551,529492,292053693,20651357,20651908,5000000,True,100000000,False,0.00044750048176779225,0.240211866743752,1e-06,0.16589196894380953
2018,"{""lag1_age_band"": ""50-54"", ""lag1_ever_rehab_to_date"": ""0"", ""lag1_ge_cat"": ""1""}",0.01,1101,637780,703407981,22341194,22342295,5000000,True,100000000,False,0.0008490429441845004,0.2903653962686754,1e-06,0.24199201778903282
2018,"{""lag1_age_band"": ""40-44"", ""lag1_ever_rehab_to_date"": ""0"", ""lag1_ge_cat"": ""2""}",0.01,1073,441166,474522447,8502411,8503484,5000000,True,100000000,False,0.0019538360841909056,0.3849676760496514,1e-06,0.38344565851940154
2018,"{""lag1_age_band"": ""65-69"", ""lag1_ever_rehab_to_date"": ""0"", ""lag1_ge_cat"": ""1""}",0.01,191,423135,80855266,74893832,74894023,5000000,True,100000000,False,0.00012423467608051216,0.11761864523852418,1e-06,0.101728382742407
2018,"{""lag1_age_band"": ""55-59"", ""lag1_ever_rehab_to_date"": ""1"", ""lag1_ge_cat"": ""1""}",0.01,228,49461,11329092,1634293,1634521,5000000,True,100000000,False,0.0012773612754301107,0.4144927610332223,1e-06,0.30383715230469777
2018,"{""lag1_age_band"": ""45-49"", ""lag1_ever_rehab_to_date"": ""0"", ""lag1_ge_cat"": ""2""}",0.01,1182,519990,616025304,28626282,28627464,5000000,True,100000000,False,0.0011670625084062886,0.32782434577373004,1e-06,0.2862153062716047
2018,"{""lag1_age_band"": ""30-34"", ""lag1_ever_rehab_to_date"": ""0"", ""lag1_ge_cat"": ""2""}",0.01,704,484324,341459712,4501023,4501727,5000000,True,100000000,False,0.002710091932349422,0.5452447595791822,1e-06,0.48262244046959835
2018,"{""lag1_age_band"": ""30-34"", ""lag1_ever_rehab_to_date"": ""0"", ""lag1_ge_cat"": ""1""}",0.01,517,539179,279022832,119172,119689,5000000,True,100000000,False,0.010407899880307537,0.45904274816589685,1e-06,0.47716571047396716
2018,"{""lag1_age_band"": ""45-49"", ""lag1_ever_rehab_to_date"": ""0"", ""lag1_ge_cat"": ""1""}",0.01,1078,577340,623534604,12195719,12196797,5000000,True,100000000,False,0.0009866774085334166,0.3255343300619142,1e-06,0.31658975045203747
2018,"{""lag1_age_band"": ""40-44"", ""lag1_ever_rehab_to_date"": ""0"", ""lag1_ge_cat"": ""1""}",0.01,905,487617,442112410,7949634,7950539,5000000,True,100000000,False,0.0014353699171692847,0.3802713032932933,1e-06,0.3712749226176561
2018,"{""lag1_age_band"": ""50-54"", ""lag1_ever_rehab_to_date"": ""0"", ""lag1_ge_cat"": ""2""}",0.01,975,580116,566563725,33651741,33652716,5000000,True,100000000,False,0.0008052329458369234,0.3136845293712868,1e-06,0.2852005247016986
2018,"{""lag1_age_band"": ""70-74"", ""lag1_ever_rehab_to_date"": ""0"", ""lag1_ge_cat"": ""1""}",0.01,108,322526,34844472,34832376,34832484,5000000,True,100000000,False,9.85205378004857e-05,0.0012602303249174436,1e-06,0.024400907961891656
2018,"{""lag1_age_band"": ""35-39"", ""lag1_ever_rehab_to_date"": ""1"", ""lag1_ge_cat"": ""2""}",0.01,111,12077,1352868,39493,39604,5000000,False,100000000,False,0.005662151770239795,0.5990432396409591,1e-06,0.5915847042321413
2018,"{""lag1_age_band"": ""45-49"", ""lag1_ever_rehab_to_date"": ""1"", ""lag1_ge_cat"": ""1""}",0.01,245,25283,6254360,433836,434081,5000000,True,100000000,False,0.002767983613083976,0.5173512822775982,1e-06,0.4425728212258497
2018,"{""lag1_age_band"": ""45-49"", ""lag1_ever_rehab_to_date"": ""1"", ""lag1_ge_cat"": ""2""}",0.01,231,26356,6141597,542339,542570,5000000,True,100000000,False,0.0033113916971889193,0.575911130197427,1e-06,0.5597590757656467
2018,"{""lag1_age_band"": ""50-54"", ""lag1_ever_rehab_to_date"": ""1"", ""lag1_ge_cat"": ""2""}",0.01,232,43010,10032144,865101,865333,5000000,True,100000000,False,0.001676025731062283,0.5772782944544077,1e-06,0.36121141687140096
2018,"{""lag1_age_band"": ""35-39"", ""lag1_ever_rehab_to_date"": ""1"", ""lag1_ge_cat"": ""1""}",0.01,111,12824,1435785,1374,1485,5000000,False,100000000,False,0.011842609905411723,0.5617712012176441,1e-06,0.6589862329528046
2018,"{""lag1_age_band"": ""25-29"", ""lag1_ever_rehab_to_date"": ""0"", ""lag1_ge_cat"": ""1""}",0.01,179,533711,95566310,20379,20558,5000000,True,100000000,False,0.16491019477380764,0.4725481177901751,1e-06,0.54253636098767
2018,"{""lag1_age_band"": ""75-79"", ""lag1_ever_rehab_to_date"": ""0"", ""lag1_ge_cat"": ""1""}",0.01,49,351981,17249470,17246873,17246922,5000000,True,100000000,False,0.00012906695046304567,0.0004592555217981567,1e-06,0.06261041086237565
2018,"{""lag1_age_band"": ""55-59"", ""lag1_ever_rehab_to_date"": ""1"", ""lag1_ge_cat"": ""2""}",0.01,146,47964,7024060,865183,865329,5000000,True,100000000,False,0.002275668579736086,0.4739660706916876,1e-06,0.3224290774442412
2018,"{""lag1_age_band"": ""40-44"", ""lag1_ever_rehab_to_date"": ""1"", ""lag1_ge_cat"": ""1""}",0.01,173,14873,2602958,119994,120167,5000000,False,100000000,False,0.0036437773731284252,0.6131450978482031,1e-06,0.5507061186914406
2018,"{""lag1_age_band"": ""25-29"", ""lag1_ever_rehab_to_date"": ""0"", ""lag1_ge_cat"": ""2""}",0.01,337,477940,161179349,55000,55337,5000000,True,100000000,False,0.17311331791436219,0.5025655557155781,1e-06,0.4832358633673596
2018,"{""lag1_age_band"": ""20-24"", ""lag1_ever_rehab_to_date"": ""0"", ""lag1_ge_cat"": ""2""}",0.01,66,380550,25120656,2921,2987,5000000,True,100000000,False,0.2431396473815882,0.5126551396582898,1e-06,0.5270103353111316
2018,"{""lag1_age_band"": ""60-64"", ""lag1_ever_rehab_to_date"": ""0"", ""lag1_ge_cat"": ""1""}",0.01,284,454261,129090780,29526515,29526799,5000000,True,100000000,False,0.00024551702716603006,0.20838425286051532,1e-06,0.12574478833929334
2018,"{""lag1_age_band"": ""60-64"", ""lag1_ever_rehab_to_date"": ""1"", ""lag1_ge_cat"": ""1""}",0.01,92,47816,4407536,1386198,1386290,5000000,False,100000000,False,0.0007724446525552075,0.31382912835217763,1e-06,0.24176541344181673
2018,"{""lag1_age_band"": ""30-34"", ""lag1_ever_rehab_to_date"": ""1"", ""lag1_ge_cat"": ""2""}",0.01,65,9362,612755,9704,9769,5000000,False,100000000,False,0.0067656015274400174,0.6306044202254053,1e-06,0.7160172646368554
2018,"{""lag1_age_band"": ""30-34"", ""lag1_ever_rehab_to_date"": ""1"", ""lag1_ge_cat"": ""1""}",0.01,51,10101,517752,455,506,5000000,False,100000000,False,0.3161100915128294,0.6307880098742487,1e-06,0.7707084765545005
2018,"{""lag1_age_band"": ""50-54"", ""lag1_ever_rehab_to_date"": ""1"", ""lag1_ge_cat"": ""1""}",0.01,283,40877,11648280,820546,820829,5000000,True,100000000,False,0.002008873709028291,0.5034603991066032,1e-06,0.39040635006309937
2018,"{""lag1_age_band"": ""60-64"", ""lag1_ever_rehab_to_date"": ""0"", ""lag1_ge_cat"": ""2""}",0.01,223,448327,100026650,25105913,25106136,5000000,True,100000000,False,0.000374064927628362,0.19824646353104627,1e-06,0.08053167594825351
2018,"{""lag1_age_band"": ""65-69"", ""lag1_ever_rehab_to_date"": ""0"", ""lag1_ge_cat"": ""2""}",0.01,107,459652,49194213,44126404,44126511,5000000,True,100000000,False,0.00025704159976787605,0.13548816196533,1e-06,0.11041338272270236
2018,"{""lag1_age_band"": ""40-44"", ""lag1_ever_rehab_to_date"": ""1"", ""lag1_ge_cat"": ""2""}",0.01,135,14780,2013525,137646,137781,5000000,False,100000000,False,0.0037453325481064587,0.5485453383044201,1e-06,0.6175834601118647
2018,"{""lag1_age_band"": ""25-29"", ""lag1_ever_rehab_to_date"": ""1"", ""lag1_ge_cat"": ""2""}",0.01,22,5918,130680,143,165,5000000,False,100000000,False,0.0179457932480066,0.6531317832847701,1e-06,0.7778568262906225
2018,"{""lag1_age_band"": ""20-24"", ""lag1_ever_rehab_to_date"": ""0"", ""lag1_ge_cat"": ""1""}",0.01,15,427395,6411150,365,380,5000000,True,100000000,False,0.3523031132251215,0.41603787742236903,1e-06,0.5082105483288899
2018,"{""lag1_age_band"": ""65-69"", ""lag1_ever_rehab_to_date"": ""1"", ""lag1_ge_cat"": ""1""}",0.01,29,26330,764411,737138,737167,5000000,False,100000000,False,0.0005165044084989144,0.2133993353805869,1e-06,0.021574867630228298
2018,"{""lag1_age_band"": ""75-79"", ""lag1_ever_rehab_to_date"": ""0"", ""lag1_ge_cat"": ""2""}",0.01,20,433666,8673720,8673320,8673340,5000000,True,100000000,False,0.0001926293056364541,0.00057823536340364,1e-06,0.007282994305915991
2018,"{""lag1_age_band"": ""65-69"", ""lag1_ever_rehab_to_date"": ""1"", ""lag1_ge_cat"": ""2""}",0.01,11,21327,234718,191927,191938,5000000,False,100000000,False,0.0008808210091600632,0.1900760991521216,1e-06,0.06356632868474754
2018,"{""lag1_age_band"": ""70-74"", ""lag1_ever_rehab_to_date"": ""0"", ""lag1_ge_cat"": ""2""}",0.01,53,367710,19491439,19120806,19120859,5000000,True,100000000,False,0.00025992498087567867,0.056719610971681586,1e-06,0.014109543989656997
2018,"{""lag1_age_band"": ""60-64"", ""lag1_ever_rehab_to_date"": ""1"", ""lag1_ge_cat"": ""2""}",0.01,43,42594,1833391,681357,681400,5000000,False,100000000,False,0.0009154115101997818,0.358960333158513,1e-06,0.2562684428069039
2018,"{""lag1_age_band"": ""25-29"", ""lag1_ever_rehab_to_date"": ""1"", ""lag1_ge_cat"": ""1""}",0.01,17,6621,112846,71,88,5000000,False,100000000,False,0.31338276016807487,0.6672684808248005,1e-06,0.652535157512173
2018,"{""lag1_age_band"": ""80-84"", ""lag1_ever_rehab_to_date"": ""0"", ""lag1_ge_cat"": ""2""}",0.01,3,304950,914859,914850,914853,5000000,False,100000000,False,0.00013905106190747126,0.00019459329703505255,1e-06,0.005106371407401056
2018,"{""lag1_age_band"": ""70-74"", ""lag1_ever_rehab_to_date"": ""1"", ""lag1_ge_cat"": ""1""}",0.01,5,9689,48470,48445,48450,5000000,False,100000000,False,0.0006148199721343705,0.0013508480779156956,1e-06,0.00855983414818188
2018,"{""lag1_age_band"": ""20-24"", ""lag1_ever_rehab_to_date"": ""1"", ""lag1_ge_cat"": ""2""}",0.01,2,1599,3202,2,4,5000000,False,100000000,False,0.4234352669954928,0.5637915819588488,1e-06,0.7360579258572869
2018,"{""lag1_age_band"": ""75-79"", ""lag1_ever_rehab_to_date"": ""1"", ""lag1_ge_cat"": ""1""}",0.01,3,9874,29631,29616,29619,5000000,False,100000000,False,0.000568600408899327,0.0006297912483078431,1e-06,0.01716079768622597
2018,"{""lag1_age_band"": ""80-84"", ""lag1_ever_rehab_to_date"": ""1"", ""lag1_ge_cat"": ""1""}",0.01,2,3832,7668,7664,7666,5000000,False,100000000,False,0.00027876716716710895,0.0003143244698615492,1e-06,0.008433062994089774
2018,"{""lag1_age_band"": ""70-74"", ""lag1_ever_rehab_to_date"": ""1"", ""lag1_ge_cat"": ""2""}",0.01,3,8411,25242,25233,25236,5000000,False,100000000,False,0.0005567057492253875,0.0010996252542346716,1e-06,0.007832103112798552
2018,"{""lag1_age_band"": ""80-84"", ""lag1_ever_rehab_to_date"": ""0"", ""lag1_ge_cat"": ""1""}",0.01,3,219185,657564,657552,657555,5000000,False,100000000,False,0.00011487894350782057,0.00013416622190050255,1e-06,0.015273812412825213
2018,"{""lag1_age_band"": ""75-79"", ""lag1_ever_rehab_to_date"": ""1"", ""lag1_ge_cat"": ""2""}",0.01,1,9069,9070,9069,9070,5000000,False,100000000,False,0.000601040966218592,0.000601040966218592,1e-06,0.005623748206625604
